{"stats":{"minecraft:custom":{"minecraft:jump":52,"minecraft:time_since_rest":11445,"minecraft:play_one_minute":11616,"minecraft:leave_game":1,"minecraft:sprint_one_cm":2809,"minecraft:walk_one_cm":41456,"minecraft:damage_taken":240,"minecraft:time_since_death":11402,"minecraft:deaths":1,"minecraft:drop":3,"minecraft:interact_with_lectern":6,"minecraft:fly_one_cm":120303},"minecraft:used":{"minecraft:writable_book":5,"minecraft:cobblestone":9,"minecraft:light_gray_stained_glass":2,"minecraft:polished_diorite":1},"minecraft:dropped":{"minecraft:polished_diorite":3},"minecraft:picked_up":{"minecraft:polished_diorite":3}},"DataVersion":2586}