{"stats":{"minecraft:dropped":{"minecraft:polished_diorite":1,"minecraft:dirt":6,"minecraft:stone":3,"minecraft:warped_nylium":1,"minecraft:netherite_sword":2,"minecraft:oak_planks":1,"minecraft:fishing_rod":2,"minecraft:elytra":18,"minecraft:grass_block":2,"minecraft:firework_rocket":3},"minecraft:used":{"minecraft:redstone_torch":3,"minecraft:spruce_boat":1,"minecraft:dark_oak_planks":6,"minecraft:end_rod":1,"minecraft:firework_rocket":62,"minecraft:bricks":199,"minecraft:light_gray_stained_glass":4,"minecraft:quartz_slab":10,"minecraft:armor_stand":1,"minecraft:grass_block":204,"minecraft:polished_andesite":1,"minecraft:light_gray_carpet":12,"minecraft:oak_planks":412,"minecraft:oak_sign":2,"minecraft:quartz_block":265,"minecraft:warped_nylium":1,"minecraft:stone":197,"minecraft:spruce_trapdoor":9,"minecraft:iron_door":2,"minecraft:pink_wool":1,"minecraft:yellow_wool":1,"minecraft:netherrack":57,"minecraft:debug_stick":77,"minecraft:blue_carpet":14,"minecraft:fishing_rod":82,"minecraft:dirt":91,"minecraft:yellow_terracotta":97,"minecraft:tnt":2,"minecraft:crafting_table":1,"minecraft:dark_oak_fence":1,"minecraft:white_concrete":5,"minecraft:oak_boat":1,"minecraft:note_block":23,"minecraft:stone_pressure_plate":4,"minecraft:stone_brick_wall":1,"minecraft:splash_potion":90,"minecraft:polished_diorite":2},"minecraft:picked_up":{"minecraft:fishing_rod":2,"minecraft:stone":31,"minecraft:grass_block":1,"minecraft:warped_door":1,"minecraft:dirt":94,"minecraft:firework_rocket":3,"minecraft:oak_sign":1,"minecraft:bow":1,"minecraft:netherite_sword":2,"minecraft:crossbow":1,"minecraft:oak_planks":1},"minecraft:crafted":{"minecraft:firework_rocket":87},"minecraft:custom":{"minecraft:time_since_rest":35027,"minecraft:sprint_one_cm":26077,"minecraft:damage_taken":1720,"minecraft:walk_one_cm":294581,"minecraft:drop":39,"minecraft:damage_dealt":9,"minecraft:interact_with_crafting_table":1,"minecraft:tune_noteblock":5,"minecraft:fly_one_cm":717919,"minecraft:crouch_one_cm":3588,"minecraft:play_one_minute":195378,"minecraft:deaths":8,"minecraft:sneak_time":4059,"minecraft:boat_one_cm":3881,"minecraft:aviate_one_cm":1626748,"minecraft:jump":567,"minecraft:leave_game":27,"minecraft:time_since_death":34996,"minecraft:fall_one_cm":5478}},"DataVersion":2586}