{"stats":{"minecraft:dropped":{"minecraft:iron_ingot":103,"minecraft:player_head":1,"minecraft:jukebox":1,"minecraft:netherite_sword":3,"minecraft:crossbow":2,"minecraft:command_block":4,"minecraft:debug_stick":4,"minecraft:grass_block":2,"minecraft:music_disc_11":2,"minecraft:emerald":192,"minecraft:quartz_block":2,"minecraft:white_concrete":1,"minecraft:dark_oak_planks":1,"minecraft:firework_rocket":1},"minecraft:used":{"minecraft:crimson_stem":1,"minecraft:water_bucket":4,"minecraft:netherite_sword":27,"minecraft:polished_blackstone_brick_slab":16,"minecraft:iron_bars":25,"minecraft:dead_tube_coral_block":3,"minecraft:sandstone_stairs":6,"minecraft:brick_wall":3,"minecraft:flint_and_steel":26,"minecraft:smooth_quartz_slab":4,"minecraft:red_concrete":56,"minecraft:polished_andesite":8,"minecraft:oak_planks":171,"minecraft:bone_block":2,"minecraft:mycelium":1,"minecraft:smooth_sandstone_slab":16,"minecraft:white_terracotta":2,"minecraft:ender_chest":1,"minecraft:stone":7,"minecraft:redstone_block":119,"minecraft:sheep_spawn_egg":5,"minecraft:quartz_stairs":8,"minecraft:netherrack":12,"minecraft:jungle_boat":1,"minecraft:debug_stick":97,"minecraft:dirt":71,"minecraft:rail":2,"minecraft:red_bed":4,"minecraft:tnt":3,"minecraft:crimson_trapdoor":8,"minecraft:brick_slab":3,"minecraft:dead_fire_coral_block":3,"minecraft:phantom_spawn_egg":3,"minecraft:cobblestone_wall":4,"minecraft:crossbow":40,"minecraft:light_gray_concrete_powder":7,"minecraft:chiseled_quartz_block":10,"minecraft:stone_brick_wall":1,"minecraft:music_disc_11":11,"minecraft:infested_stone_bricks":18,"minecraft:cake":6,"minecraft:obsidian":10,"minecraft:dark_oak_door":2,"minecraft:polished_diorite":1,"minecraft:creeper_spawn_egg":5,"minecraft:andesite_wall":7,"minecraft:stone_brick_slab":6,"minecraft:dark_oak_planks":58,"minecraft:activator_rail":1,"minecraft:daylight_detector":15,"minecraft:bricks":20,"minecraft:light_gray_stained_glass":455,"minecraft:bookshelf":1,"minecraft:quartz_pillar":9,"minecraft:villager_spawn_egg":114,"minecraft:red_wool":7,"minecraft:command_block":38,"minecraft:light_gray_concrete":4,"minecraft:iron_block":6,"minecraft:grass_block":243,"minecraft:smooth_sandstone":219,"minecraft:music_disc_ward":4,"minecraft:quartz_block":433,"minecraft:crimson_slab":5,"minecraft:tnt_minecart":2,"minecraft:chicken_spawn_egg":3,"minecraft:polished_granite":4,"minecraft:spruce_trapdoor":4,"minecraft:diorite_wall":3,"minecraft:gravel":11,"minecraft:prismarine_slab":1,"minecraft:stone_bricks":21,"minecraft:pufferfish":5,"minecraft:red_carpet":8,"minecraft:redstone_lamp":1,"minecraft:cobblestone":3,"minecraft:bow":91,"minecraft:orange_banner":16,"minecraft:written_book":14,"minecraft:cyan_banner":4,"minecraft:white_stained_glass":1,"minecraft:andesite":28,"minecraft:glass_pane":10,"minecraft:ice":7,"minecraft:oak_boat":1,"minecraft:polished_blackstone_button":1,"minecraft:stone_pressure_plate":1,"minecraft:white_concrete":16,"minecraft:dead_bubble_coral_block":3,"minecraft:jukebox":14,"minecraft:smooth_stone":7,"minecraft:bone_meal":3},"minecraft:picked_up":{"minecraft:prismarine_slab":1,"minecraft:clock":1,"minecraft:fern":3,"minecraft:potion":1,"minecraft:crimson_trapdoor":1,"minecraft:acacia_button":2,"minecraft:crimson_planks":1,"minecraft:gunpowder":5,"minecraft:red_carpet":4,"minecraft:smooth_sandstone":1,"minecraft:glass":1,"minecraft:sea_pickle":3,"minecraft:netherite_sword":3,"minecraft:iron_ingot":119,"minecraft:warped_slab":1,"minecraft:player_head":1,"minecraft:poppy":6,"minecraft:prismarine_brick_slab":1,"minecraft:debug_stick":4,"minecraft:grass_block":1,"minecraft:music_disc_11":8,"minecraft:music_disc_pigstep":1,"minecraft:dark_oak_planks":1,"minecraft:quartz_block":2,"minecraft:firework_rocket":65,"minecraft:dark_prismarine_slab":1,"minecraft:command_block":4,"minecraft:music_disc_ward":3,"minecraft:polished_blackstone_button":1,"minecraft:crossbow":2,"minecraft:birch_sign":1,"minecraft:white_concrete":1,"minecraft:emerald":175,"minecraft:netherite_hoe":1,"minecraft:nether_star":4},"minecraft:custom":{"minecraft:mob_kills":18,"minecraft:play_record":15,"minecraft:play_one_minute":721167,"minecraft:eat_cake_slice":35,"minecraft:leave_game":53,"minecraft:time_since_death":1626,"minecraft:time_since_rest":1654,"minecraft:sprint_one_cm":275013,"minecraft:open_enderchest":2,"minecraft:damage_taken":520,"minecraft:walk_one_cm":616151,"minecraft:drop":319,"minecraft:minecart_one_cm":497,"minecraft:damage_dealt":21950,"minecraft:fly_one_cm":2558937,"minecraft:player_kills":4,"minecraft:crouch_one_cm":14521,"minecraft:deaths":4,"minecraft:sneak_time":18191,"minecraft:walk_under_water_one_cm":1028,"minecraft:jump":668,"minecraft:walk_on_water_one_cm":7034},"minecraft:killed":{"minecraft:iron_golem":5,"minecraft:creeper":4,"minecraft:wither":6,"minecraft:phantom":1}},"DataVersion":2586}