{"stats":{"minecraft:dropped":{"minecraft:bricks":1,"minecraft:poppy":1,"minecraft:netherite_pickaxe":1,"minecraft:cobblestone":1,"minecraft:stone_bricks":1,"minecraft:brick_slab":1,"minecraft:infested_stone_bricks":1,"minecraft:wandering_trader_spawn_egg":1},"minecraft:used":{"minecraft:wandering_trader_spawn_egg":4,"minecraft:water_bucket":12,"minecraft:netherite_sword":13,"minecraft:flower_pot":7,"minecraft:diorite":46,"minecraft:bricks":204,"minecraft:bookshelf":20,"minecraft:flint_and_steel":21,"minecraft:lantern":8,"minecraft:grass_block":26,"minecraft:oak_stairs":5,"minecraft:jungle_log":28,"minecraft:oak_planks":84,"minecraft:quartz_block":19,"minecraft:stone":74,"minecraft:stone_bricks":103,"minecraft:mossy_cobblestone":12,"minecraft:redstone_lamp":1,"minecraft:cobblestone":60,"minecraft:potion":21,"minecraft:tnt":4,"minecraft:brick_slab":6,"minecraft:painting":8,"minecraft:infested_stone_bricks":30,"minecraft:obsidian":57,"minecraft:milk_bucket":3,"minecraft:polished_diorite":4},"minecraft:killed_by":{"minecraft:player":1},"minecraft:picked_up":{"minecraft:stone":19,"minecraft:flower_pot":1,"minecraft:torch":1,"minecraft:red_wool":1,"minecraft:crimson_planks":2,"minecraft:green_carpet":1,"minecraft:dirt":6,"minecraft:lantern":2,"minecraft:infested_stone_bricks":1,"minecraft:white_carpet":1,"minecraft:firework_rocket":1,"minecraft:blue_orchid":1,"minecraft:stone_bricks":1,"minecraft:painting":1,"minecraft:yellow_terracotta":1,"minecraft:poppy":2,"minecraft:bricks":1,"minecraft:cobblestone":1},"minecraft:custom":{"minecraft:time_since_rest":105145,"minecraft:sprint_one_cm":84114,"minecraft:damage_taken":50002004,"minecraft:walk_one_cm":307551,"minecraft:drop":8,"minecraft:damage_dealt":423,"minecraft:interact_with_beacon":2,"minecraft:fly_one_cm":1421427,"minecraft:crouch_one_cm":2447,"minecraft:play_one_minute":349685,"minecraft:deaths":9,"minecraft:sneak_time":3029,"minecraft:pot_flower":6,"minecraft:jump":370,"minecraft:leave_game":22,"minecraft:walk_on_water_one_cm":3809,"minecraft:time_since_death":105109}},"DataVersion":2586}