{"stats":{"minecraft:dropped":{"minecraft:nether_star":5,"minecraft:cobblestone":1,"minecraft:brown_banner":1,"minecraft:smooth_quartz":1,"minecraft:potion":1,"minecraft:smooth_sandstone":1,"minecraft:netherite_hoe":2,"minecraft:smooth_sandstone_stairs":1,"minecraft:infested_stone_bricks":2,"minecraft:wandering_trader_spawn_egg":1,"minecraft:sandstone_wall":1,"minecraft:stone":1,"minecraft:blackstone_slab":1,"minecraft:iron_bars":3,"minecraft:podzol":64,"minecraft:oak_leaves":2,"minecraft:quartz_slab":1},"minecraft:used":{"minecraft:orange_concrete_powder":4,"minecraft:trident":5,"minecraft:jungle_leaves":3,"minecraft:red_sand":2,"minecraft:iron_bars":250,"minecraft:acacia_log":11,"minecraft:light_gray_stained_glass_pane":8,"minecraft:smooth_quartz_slab":32,"minecraft:dispenser":2,"minecraft:redstone":16,"minecraft:bone_block":149,"minecraft:mycelium":15,"minecraft:green_banner":22,"minecraft:white_terracotta":10,"minecraft:stone":24,"minecraft:quartz_stairs":9,"minecraft:grass":124,"minecraft:sandstone_wall":22,"minecraft:smooth_sandstone_stairs":359,"minecraft:oak_door":1,"minecraft:debug_stick":122,"minecraft:torch":42,"minecraft:dirt":12,"minecraft:anvil":2,"minecraft:white_carpet":1,"minecraft:brick_slab":139,"minecraft:nether_brick_slab":17,"minecraft:stone_stairs":11,"minecraft:acacia_sapling":5,"minecraft:blue_concrete":15,"minecraft:nether_brick_stairs":133,"minecraft:polished_diorite":85,"minecraft:wandering_trader_spawn_egg":2,"minecraft:glass":12,"minecraft:dark_oak_planks":17,"minecraft:brown_terracotta":3,"minecraft:bricks":1846,"minecraft:light_gray_stained_glass":5,"minecraft:villager_spawn_egg":44,"minecraft:red_wool":9,"minecraft:quartz_slab":19,"minecraft:iron_block":4,"minecraft:grass_block":655,"minecraft:smooth_sandstone":1399,"minecraft:quartz_block":152,"minecraft:music_disc_chirp":2,"minecraft:dark_oak_leaves":3,"minecraft:smooth_quartz":322,"minecraft:diorite_wall":7,"minecraft:crimson_planks":409,"minecraft:stone_brick_stairs":6,"minecraft:stone_bricks":255,"minecraft:yellow_concrete_powder":1,"minecraft:birch_button":2,"minecraft:repeater":4,"minecraft:brown_carpet":1,"minecraft:bow":32,"minecraft:iron_trapdoor":10,"minecraft:oak_sapling":13,"minecraft:white_stained_glass_pane":47,"minecraft:cyan_banner":25,"minecraft:observer":4,"minecraft:large_fern":2,"minecraft:quartz_bricks":265,"minecraft:diorite":985,"minecraft:cow_spawn_egg":1,"minecraft:end_stone_bricks":15,"minecraft:brick_wall":75,"minecraft:prismarine_brick_slab":5,"minecraft:birch_planks":14,"minecraft:stripped_birch_log":13,"minecraft:birch_leaves":3,"minecraft:blackstone_stairs":1,"minecraft:oak_planks":4,"minecraft:smooth_sandstone_slab":52,"minecraft:ender_pearl":51,"minecraft:redstone_block":403,"minecraft:clay":1,"minecraft:oak_leaves":76,"minecraft:smooth_quartz_stairs":86,"minecraft:mossy_cobblestone":10,"minecraft:dark_oak_trapdoor":50,"minecraft:orange_carpet":8,"minecraft:yellow_terracotta":296,"minecraft:cut_sandstone_slab":24,"minecraft:crafting_table":17,"minecraft:loom":1,"minecraft:brown_banner":49,"minecraft:crossbow":76,"minecraft:yellow_concrete":28,"minecraft:acacia_leaves":80,"minecraft:sponge":2,"minecraft:chiseled_quartz_block":41,"minecraft:stone_brick_wall":10,"minecraft:painting":5,"minecraft:infested_stone_bricks":728,"minecraft:end_stone":1,"minecraft:dark_oak_door":7,"minecraft:lever":2,"minecraft:black_concrete":8,"minecraft:warped_trapdoor":20,"minecraft:firework_rocket":15,"minecraft:acacia_door":11,"minecraft:light_gray_concrete":326,"minecraft:birch_slab":2,"minecraft:string":12,"minecraft:stone_slab":56,"minecraft:red_terracotta":4,"minecraft:iron_door":5,"minecraft:blackstone_slab":58,"minecraft:fishing_rod":55,"minecraft:cobblestone":890,"minecraft:potion":2,"minecraft:cyan_stained_glass_pane":1,"minecraft:white_stained_glass":28,"minecraft:red_banner":1,"minecraft:glass_pane":72,"minecraft:ice":8,"minecraft:bone_meal":59,"minecraft:smooth_stone":6,"minecraft:jukebox":2,"minecraft:gray_stained_glass":3},"minecraft:killed_by":{"minecraft:player":1},"minecraft:picked_up":{"minecraft:orange_banner":7,"minecraft:white_carpet":1,"minecraft:quartz_slab":1,"minecraft:spruce_planks":1,"minecraft:smooth_quartz":2,"minecraft:stick":7,"minecraft:torch":4,"minecraft:sandstone_wall":1,"minecraft:music_disc_pigstep":1,"minecraft:green_banner":1,"minecraft:iron_bars":3,"minecraft:cobblestone":1,"minecraft:crimson_stem":1,"minecraft:orange_carpet":7,"minecraft:blackstone_slab":1,"minecraft:crimson_fungus":1,"minecraft:smooth_sandstone_stairs":1,"minecraft:wandering_trader_spawn_egg":2,"minecraft:dirt":23,"minecraft:smooth_sandstone":1,"minecraft:wheat_seeds":1,"minecraft:acacia_sapling":1,"minecraft:green_carpet":1,"minecraft:infested_stone_bricks":2,"minecraft:lever":1,"minecraft:birch_sign":1,"minecraft:oak_sapling":2,"minecraft:brown_banner":1,"minecraft:netherite_hoe":1,"minecraft:nether_star":7,"minecraft:oak_leaves":2,"minecraft:crimson_roots":1},"minecraft:crafted":{"minecraft:firework_star":128,"minecraft:firework_rocket":192},"minecraft:custom":{"minecraft:interact_with_anvil":1,"minecraft:interact_with_crafting_table":7,"minecraft:leave_game":46,"minecraft:time_since_death":1026149,"minecraft:sprint_one_cm":255229,"minecraft:walk_one_cm":1424207,"minecraft:drop":26,"minecraft:deaths":4,"minecraft:sneak_time":23137,"minecraft:jump":1068,"minecraft:walk_on_water_one_cm":56,"minecraft:play_record":2,"minecraft:play_one_minute":1201005,"minecraft:interact_with_loom":4,"minecraft:time_since_rest":1026257,"minecraft:damage_taken":50000564,"minecraft:fly_one_cm":4148660,"minecraft:crouch_one_cm":13526,"minecraft:inspect_dispenser":2}},"DataVersion":2586}