{"stats":{"minecraft:used":{"minecraft:polished_blackstone_brick_slab":261,"minecraft:grass_block":119,"minecraft:cracked_polished_blackstone_bricks":35,"minecraft:stripped_birch_log":4,"minecraft:dark_oak_fence":108,"minecraft:polished_andesite":109,"minecraft:oak_planks":95,"minecraft:quartz_block":473,"minecraft:polished_diorite":2},"minecraft:dropped":{"minecraft:cracked_polished_blackstone_bricks":1,"minecraft:polished_blackstone_brick_slab":1,"minecraft:polished_blackstone_slab":1,"minecraft:dark_oak_fence":1,"minecraft:polished_blackstone":1,"minecraft:elytra":1,"minecraft:quartz_block":2,"minecraft:grass_block":1,"minecraft:quartz_slab":1,"minecraft:polished_blackstone_stairs":1},"minecraft:picked_up":{"minecraft:quartz_block":1,"minecraft:polished_blackstone_stairs":1,"minecraft:polished_blackstone_slab":1,"minecraft:polished_blackstone":1,"minecraft:grass_block":1,"minecraft:elytra":1},"minecraft:custom":{"minecraft:time_since_rest":60798,"minecraft:play_one_minute":60933,"minecraft:crouch_one_cm":9,"minecraft:deaths":1,"minecraft:sprint_one_cm":39201,"minecraft:damage_taken":240,"minecraft:walk_one_cm":89626,"minecraft:sneak_time":305,"minecraft:drop":11,"minecraft:jump":108,"minecraft:leave_game":1,"minecraft:time_since_death":60770,"minecraft:fly_one_cm":271803}},"DataVersion":2586}