{"stats":{"minecraft:used":{"minecraft:polished_blackstone_brick_slab":209,"minecraft:fishing_rod":171,"minecraft:potion":1,"minecraft:bow":7,"minecraft:tnt":1,"minecraft:dark_oak_fence":4,"minecraft:grass_block":17,"minecraft:polished_andesite":5,"minecraft:glass_pane":1,"minecraft:quartz_block":83,"minecraft:white_terracotta":33},"minecraft:dropped":{"minecraft:potion":1,"minecraft:polished_blackstone_slab":2,"minecraft:polished_blackstone":2,"minecraft:fishing_rod":2,"minecraft:polished_blackstone_stairs":2},"minecraft:picked_up":{"minecraft:fishing_rod":1,"minecraft:polished_blackstone_stairs":1,"minecraft:polished_blackstone_slab":1,"minecraft:potion":1,"minecraft:polished_blackstone":1,"minecraft:grass_block":1,"minecraft:elytra":12},"minecraft:custom":{"minecraft:time_since_rest":3701,"minecraft:play_one_minute":70533,"minecraft:crouch_one_cm":408,"minecraft:deaths":1,"minecraft:sprint_one_cm":24083,"minecraft:damage_taken":240,"minecraft:walk_one_cm":25382,"minecraft:sneak_time":743,"minecraft:drop":9,"minecraft:aviate_one_cm":8960,"minecraft:jump":54,"minecraft:leave_game":4,"minecraft:time_since_death":3676,"minecraft:fly_one_cm":457088}},"DataVersion":2586}