{"stats":{"minecraft:used":{"minecraft:glass":21,"minecraft:writable_book":2,"minecraft:black_concrete":1,"minecraft:bow":6,"minecraft:bricks":40,"minecraft:cobblestone":132,"minecraft:bookshelf":11,"minecraft:white_stained_glass":38,"minecraft:oak_planks":46,"minecraft:lectern":2,"minecraft:white_terracotta":39,"minecraft:white_concrete":17},"minecraft:dropped":{"minecraft:cobblestone":1,"minecraft:stone":1,"minecraft:bow":2,"minecraft:white_terracotta":1,"minecraft:white_stained_glass":1,"minecraft:quartz_slab":1},"minecraft:picked_up":{"minecraft:quartz_slab":1,"minecraft:white_stained_glass":1,"minecraft:bow":1,"minecraft:cobblestone":1},"minecraft:custom":{"minecraft:time_since_rest":74480,"minecraft:crouch_one_cm":51,"minecraft:play_one_minute":74825,"minecraft:deaths":2,"minecraft:sprint_one_cm":48916,"minecraft:damage_taken":480,"minecraft:walk_one_cm":47839,"minecraft:sneak_time":326,"minecraft:drop":7,"minecraft:jump":389,"minecraft:leave_game":3,"minecraft:time_since_death":74024,"minecraft:fly_one_cm":397105}},"DataVersion":2586}