{"stats":{"minecraft:dropped":{"minecraft:warped_nylium":1,"minecraft:elytra":18},"minecraft:used":{"minecraft:redstone_torch":3,"minecraft:yellow_wool":1,"minecraft:netherrack":55,"minecraft:debug_stick":22,"minecraft:blue_carpet":14,"minecraft:end_rod":1,"minecraft:dirt":90,"minecraft:tnt":1,"minecraft:grass_block":59,"minecraft:oak_planks":410,"minecraft:quartz_block":221,"minecraft:warped_nylium":1,"minecraft:oak_boat":1,"minecraft:note_block":23,"minecraft:stone_brick_wall":1,"minecraft:splash_potion":61,"minecraft:pink_wool":1},"minecraft:picked_up":{"minecraft:bow":1,"minecraft:warped_door":1,"minecraft:dirt":94},"minecraft:custom":{"minecraft:time_since_rest":11254,"minecraft:play_one_minute":66924,"minecraft:crouch_one_cm":1292,"minecraft:sprint_one_cm":8272,"minecraft:deaths":4,"minecraft:damage_taken":1240,"minecraft:walk_one_cm":102002,"minecraft:sneak_time":1414,"minecraft:boat_one_cm":1036,"minecraft:drop":19,"minecraft:aviate_one_cm":15357,"minecraft:jump":175,"minecraft:leave_game":2,"minecraft:time_since_death":11227,"minecraft:fall_one_cm":5478,"minecraft:fly_one_cm":345800,"minecraft:tune_noteblock":5}},"DataVersion":2586}