{"stats":{"minecraft:dropped":{"minecraft:poppy":1,"minecraft:brick_wall":1,"minecraft:flower_pot":1,"minecraft:netherite_sword":1,"minecraft:cobblestone":1,"minecraft:lantern":1,"minecraft:iron_bars":1,"minecraft:arrow":1,"minecraft:blue_orchid":1,"minecraft:black_concrete":1,"minecraft:white_terracotta":1,"minecraft:white_stained_glass":1,"minecraft:grass_block":1,"minecraft:quartz_slab":1},"minecraft:used":{"minecraft:redstone_torch":9,"minecraft:sticky_piston":8,"minecraft:glass":64,"minecraft:diorite":49,"minecraft:black_concrete":14,"minecraft:bricks":297,"minecraft:brick_wall":14,"minecraft:quartz_slab":91,"minecraft:grass_block":49,"minecraft:carrot_on_a_stick":13,"minecraft:white_terracotta":31,"minecraft:stone":1,"minecraft:cobblestone_slab":2,"minecraft:cobblestone":122,"minecraft:bow":9,"minecraft:brick_slab":3,"minecraft:pink_terracotta":30,"minecraft:orange_terracotta":2},"minecraft:picked_up":{"minecraft:stone":1,"minecraft:brick_wall":1,"minecraft:grass_block":7,"minecraft:quartz_slab":1,"minecraft:white_stained_glass":1,"minecraft:arrow":1,"minecraft:black_concrete":1,"minecraft:netherite_sword":1,"minecraft:redstone_torch":2,"minecraft:white_terracotta":2,"minecraft:iron_bars":1,"minecraft:cobblestone":1},"minecraft:custom":{"minecraft:time_since_rest":84536,"minecraft:sprint_one_cm":24531,"minecraft:damage_taken":240,"minecraft:walk_one_cm":77388,"minecraft:drop":14,"minecraft:fly_one_cm":370067,"minecraft:crouch_one_cm":1556,"minecraft:play_one_minute":84667,"minecraft:deaths":1,"minecraft:sneak_time":536,"minecraft:jump":176,"minecraft:leave_game":3,"minecraft:time_since_death":84492}},"DataVersion":2586}