{"stats":{"minecraft:dropped":{"minecraft:oak_planks":1,"minecraft:blue_dye":4,"minecraft:arrow":1,"minecraft:grass_block":137,"minecraft:firework_rocket":1},"minecraft:used":{"minecraft:netherrack":5,"minecraft:glass":8,"minecraft:firework_rocket":14,"minecraft:crafting_table":3,"minecraft:grass_block":21,"minecraft:oak_planks":188,"minecraft:warped_door":6,"minecraft:quartz_block":223,"minecraft:ender_chest":6},"minecraft:picked_up":{"minecraft:arrow":1,"minecraft:grass_block":90},"minecraft:custom":{"minecraft:time_since_rest":78057,"minecraft:crouch_one_cm":176,"minecraft:play_one_minute":78347,"minecraft:open_enderchest":4,"minecraft:deaths":2,"minecraft:sprint_one_cm":22508,"minecraft:damage_taken":480,"minecraft:walk_one_cm":53366,"minecraft:sneak_time":913,"minecraft:drop":141,"minecraft:aviate_one_cm":457243,"minecraft:jump":173,"minecraft:leave_game":4,"minecraft:time_since_death":78021,"minecraft:interact_with_crafting_table":3,"minecraft:fly_one_cm":175172},"minecraft:crafted":{"minecraft:leather_helmet":1,"minecraft:leather_leggings":1,"minecraft:leather_boots":1,"minecraft:leather_chestplate":1}},"DataVersion":2586}