{"stats":{"minecraft:dropped":{"minecraft:trident":1,"minecraft:warped_door":1,"minecraft:warped_fungus_on_a_stick":1},"minecraft:used":{"minecraft:glass":27,"minecraft:netherrack":179,"minecraft:crimson_sign":7,"minecraft:trident":44,"minecraft:fishing_rod":45,"minecraft:rail":8,"minecraft:anvil":1,"minecraft:bow":12,"minecraft:dark_oak_boat":9,"minecraft:grass_block":77,"minecraft:oak_planks":263,"minecraft:pig_spawn_egg":30,"minecraft:quartz_block":484,"minecraft:warped_nylium":303,"minecraft:birch_boat":1},"minecraft:picked_up":{"minecraft:warped_fungus_on_a_stick":1,"minecraft:grass_block":1,"minecraft:elytra":1},"minecraft:custom":{"minecraft:time_since_rest":77800,"minecraft:crouch_one_cm":14460,"minecraft:play_one_minute":77933,"minecraft:sprint_one_cm":45784,"minecraft:deaths":1,"minecraft:damage_taken":400,"minecraft:walk_one_cm":123975,"minecraft:sneak_time":4183,"minecraft:interact_with_anvil":1,"minecraft:drop":3,"minecraft:boat_one_cm":1268,"minecraft:aviate_one_cm":777,"minecraft:jump":309,"minecraft:leave_game":4,"minecraft:time_since_death":77730,"minecraft:interact_with_crafting_table":2,"minecraft:fly_one_cm":293959}},"DataVersion":2586}