{"stats":{"minecraft:used":{"minecraft:flower_pot":7,"minecraft:bricks":30,"minecraft:cobblestone":45,"minecraft:bookshelf":20,"minecraft:tnt":4,"minecraft:oak_stairs":5,"minecraft:lantern":7,"minecraft:grass_block":9,"minecraft:oak_planks":76,"minecraft:stone":10,"minecraft:painting":8},"minecraft:picked_up":{"minecraft:flower_pot":1,"minecraft:blue_orchid":1,"minecraft:poppy":1,"minecraft:lantern":1},"minecraft:custom":{"minecraft:time_since_rest":69058,"minecraft:play_one_minute":69202,"minecraft:deaths":1,"minecraft:sprint_one_cm":702,"minecraft:damage_taken":240,"minecraft:walk_one_cm":74592,"minecraft:pot_flower":6,"minecraft:jump":43,"minecraft:leave_game":4,"minecraft:time_since_death":68937,"minecraft:fly_one_cm":128081}},"DataVersion":2586}