{"stats":{"minecraft:used":{"minecraft:dark_oak_planks":65,"minecraft:polished_blackstone_brick_slab":79,"minecraft:nether_brick_fence":3,"minecraft:diorite":7,"minecraft:fishing_rod":39,"minecraft:bricks":43,"minecraft:grass_block":19,"minecraft:polished_andesite":16,"minecraft:oak_planks":166,"minecraft:quartz_block":36,"minecraft:polished_diorite":2},"minecraft:picked_up":{"minecraft:fishing_rod":1,"minecraft:trident":1,"minecraft:grass_block":38,"minecraft:elytra":1},"minecraft:custom":{"minecraft:time_since_rest":7018,"minecraft:play_one_minute":80239,"minecraft:crouch_one_cm":55,"minecraft:sprint_one_cm":31164,"minecraft:deaths":4,"minecraft:damage_taken":960,"minecraft:walk_one_cm":71370,"minecraft:sneak_time":318,"minecraft:jump":85,"minecraft:leave_game":2,"minecraft:time_since_death":6937,"minecraft:fly_one_cm":207167}},"DataVersion":2586}