{"stats":{"minecraft:used":{"minecraft:dirt":13,"minecraft:grass_block":4},"minecraft:custom":{"minecraft:jump":26,"minecraft:time_since_rest":43340,"minecraft:crouch_one_cm":403,"minecraft:play_one_minute":43340,"minecraft:leave_game":2,"minecraft:sprint_one_cm":1470,"minecraft:time_since_death":43340,"minecraft:walk_one_cm":10505,"minecraft:sneak_time":2946,"minecraft:drop":4,"minecraft:fly_one_cm":2736922},"minecraft:dropped":{"minecraft:dirt":1,"minecraft:wooden_axe":2,"minecraft:grass_block":1}},"DataVersion":2586}