{"stats":{"minecraft:custom":{"minecraft:interact_with_anvil":2,"minecraft:interact_with_crafting_table":1,"minecraft:play_one_minute":433342,"minecraft:interact_with_loom":3,"minecraft:pot_flower":6,"minecraft:leave_game":39,"minecraft:time_since_death":256608,"minecraft:time_since_rest":256708,"minecraft:sprint_one_cm":400749,"minecraft:walk_one_cm":411141,"minecraft:damage_taken":100000858,"minecraft:drop":37,"minecraft:fly_one_cm":1708469,"minecraft:crouch_one_cm":40593,"minecraft:deaths":6,"minecraft:sneak_time":5538,"minecraft:aviate_one_cm":89671,"minecraft:jump":1003,"minecraft:walk_on_water_one_cm":1045,"minecraft:fall_one_cm":2344,"minecraft:inspect_dispenser":1},"minecraft:picked_up":{"minecraft:fishing_rod":1,"minecraft:redstone_block":1,"minecraft:iron_door":1,"minecraft:potion":2,"minecraft:stripped_birch_log":2,"minecraft:elytra":12,"minecraft:acacia_door":1,"minecraft:white_carpet":1,"minecraft:quartz_slab":1,"minecraft:red_carpet":1,"minecraft:yellow_concrete":2,"minecraft:polished_blackstone_brick_slab":2,"minecraft:polished_blackstone_stairs":1,"minecraft:stone":1,"minecraft:torch":1,"minecraft:polished_blackstone_slab":1,"minecraft:grass_block":2,"minecraft:green_carpet":1,"minecraft:light_gray_banner":1,"minecraft:gray_stained_glass_pane":1,"minecraft:quartz_block":1,"minecraft:polished_andesite":1,"minecraft:black_concrete":1,"minecraft:granite":1,"minecraft:white_terracotta":2,"minecraft:polished_blackstone":1,"minecraft:dark_oak_fence":1,"minecraft:bricks":1},"minecraft:used":{"minecraft:crimson_stem":5,"minecraft:petrified_oak_slab":5,"minecraft:trident":29,"minecraft:diorite":2,"minecraft:polished_blackstone_brick_slab":500,"minecraft:iron_bars":18,"minecraft:birch_planks":45,"minecraft:armor_stand":5,"minecraft:stripped_birch_log":10,"minecraft:red_concrete":2,"minecraft:spruce_slab":8,"minecraft:polished_andesite":12,"minecraft:dark_oak_sign":1,"minecraft:oak_planks":32,"minecraft:mycelium":8,"minecraft:white_terracotta":262,"minecraft:stone":5,"minecraft:redstone_block":5,"minecraft:warped_sign":5,"minecraft:torch":2,"minecraft:dark_oak_trapdoor":7,"minecraft:dirt":1,"minecraft:light_gray_banner":1,"minecraft:anvil":2,"minecraft:yellow_terracotta":281,"minecraft:tnt":1,"minecraft:crafting_table":1,"minecraft:loom":2,"minecraft:brick_slab":205,"minecraft:spruce_stairs":11,"minecraft:yellow_concrete":3,"minecraft:crossbow":10,"minecraft:painting":14,"minecraft:snowball":30,"minecraft:dark_oak_door":3,"minecraft:glass":7,"minecraft:shroomlight":33,"minecraft:black_terracotta":6,"minecraft:piston":6,"minecraft:lever":5,"minecraft:flower_pot":6,"minecraft:firework_rocket":56,"minecraft:sea_lantern":8,"minecraft:black_concrete":116,"minecraft:warped_trapdoor":8,"minecraft:bricks":243,"minecraft:daylight_detector":66,"minecraft:bookshelf":13,"minecraft:quartz_pillar":11,"minecraft:acacia_door":4,"minecraft:iron_block":31,"minecraft:gray_stained_glass_pane":53,"minecraft:quartz_slab":22,"minecraft:heavy_weighted_pressure_plate":9,"minecraft:lantern":21,"minecraft:grass_block":40,"minecraft:acacia_slab":7,"minecraft:smooth_sandstone":42,"minecraft:quartz_block":104,"minecraft:iron_door":6,"minecraft:fishing_rod":171,"minecraft:red_carpet":92,"minecraft:potion":6,"minecraft:cobblestone":51,"minecraft:bow":66,"minecraft:iron_trapdoor":43,"minecraft:dark_oak_fence":5,"minecraft:white_banner":5,"minecraft:red_concrete_powder":1,"minecraft:white_stained_glass_pane":5,"minecraft:white_stained_glass":42,"minecraft:glass_pane":86,"minecraft:cyan_banner":1,"minecraft:polished_blackstone_button":10,"minecraft:turtle_egg":12},"minecraft:killed_by":{"minecraft:player":2},"minecraft:dropped":{"minecraft:bricks":1,"minecraft:gray_stained_glass_pane":1,"minecraft:polished_blackstone":2,"minecraft:yellow_concrete":2,"minecraft:netherite_chestplate":1,"minecraft:white_carpet":1,"minecraft:iron_helmet":1,"minecraft:white_terracotta":3,"minecraft:grass_block":2,"minecraft:netherite_leggings":1,"minecraft:polished_blackstone_stairs":2,"minecraft:polished_andesite":1,"minecraft:stone":1,"minecraft:dark_oak_fence":1,"minecraft:quartz_block":1,"minecraft:netherite_boots":1,"minecraft:iron_door":1,"minecraft:potion":2,"minecraft:light_gray_banner":1,"minecraft:green_carpet":1,"minecraft:stripped_birch_log":2,"minecraft:polished_blackstone_brick_slab":2,"minecraft:polished_blackstone_slab":2,"minecraft:brick_slab":1,"minecraft:fishing_rod":2,"minecraft:quartz_slab":1}},"DataVersion":2586}