{"stats":{"minecraft:picked_up":{"minecraft:bricks":1,"minecraft:warped_door":1},"minecraft:custom":{"minecraft:time_since_rest":2450,"minecraft:crouch_one_cm":1386,"minecraft:play_one_minute":206256,"minecraft:sprint_one_cm":62418,"minecraft:deaths":3,"minecraft:damage_taken":1050,"minecraft:walk_one_cm":193267,"minecraft:sneak_time":7244,"minecraft:walk_under_water_one_cm":528,"minecraft:drop":2,"minecraft:jump":352,"minecraft:leave_game":29,"minecraft:walk_on_water_one_cm":2698,"minecraft:time_since_death":2407,"minecraft:fall_one_cm":6271,"minecraft:fly_one_cm":1167385},"minecraft:used":{"minecraft:birch_fence":2,"minecraft:oak_fence":10,"minecraft:water_bucket":5,"minecraft:lava_bucket":1,"minecraft:red_carpet":15,"minecraft:cobblestone":17,"minecraft:mutton":1,"minecraft:light_gray_stained_glass":158,"minecraft:crimson_fence":17,"minecraft:white_carpet":10,"minecraft:heavy_weighted_pressure_plate":1,"minecraft:quartz_slab":24,"minecraft:birch_planks":52,"minecraft:white_banner":6,"minecraft:grass_block":9,"minecraft:spruce_button":1,"minecraft:oak_planks":103,"minecraft:quartz_block":350,"minecraft:warped_door":3,"minecraft:painting":6,"minecraft:end_stone":1,"minecraft:iron_door":21,"minecraft:quartz_stairs":3,"minecraft:dark_oak_door":1},"minecraft:dropped":{"minecraft:bricks":1,"minecraft:warped_door":1}},"DataVersion":2586}