{"stats":{"minecraft:custom":{"minecraft:play_record":1,"minecraft:interact_with_crafting_table":1,"minecraft:play_one_minute":470612,"minecraft:leave_game":79,"minecraft:time_since_death":383848,"minecraft:time_since_rest":383884,"minecraft:sprint_one_cm":226113,"minecraft:walk_one_cm":541616,"minecraft:damage_taken":480,"minecraft:drop":67,"minecraft:damage_dealt":1358,"minecraft:fly_one_cm":2584477,"minecraft:crouch_one_cm":2429,"minecraft:deaths":3,"minecraft:sneak_time":3352,"minecraft:interact_with_lectern":1,"minecraft:jump":1108},"minecraft:picked_up":{"minecraft:ice":1,"minecraft:warped_trapdoor":6,"minecraft:crimson_planks":2,"minecraft:smooth_stone_slab":1,"minecraft:white_stained_glass":1,"minecraft:quartz_slab":1,"minecraft:item_frame":1,"minecraft:netherite_sword":1,"minecraft:redstone_torch":2,"minecraft:oak_planks":1,"minecraft:light_gray_stained_glass":1,"minecraft:stone":3,"minecraft:milk_bucket":1,"minecraft:brick_wall":1,"minecraft:torch":1,"minecraft:red_wool":3,"minecraft:diorite":1,"minecraft:grass_block":8,"minecraft:brick_slab":3,"minecraft:arrow":1,"minecraft:black_concrete":1,"minecraft:painting":1,"minecraft:bone_meal":1,"minecraft:white_concrete":1,"minecraft:white_terracotta":2,"minecraft:red_nether_brick_slab":1,"minecraft:bricks":1,"minecraft:iron_bars":1,"minecraft:cobblestone":1},"minecraft:used":{"minecraft:oak_trapdoor":2,"minecraft:netherite_sword":28,"minecraft:diorite":50,"minecraft:brick_wall":20,"minecraft:smooth_quartz_slab":55,"minecraft:carrot_on_a_stick":13,"minecraft:oak_planks":21,"minecraft:prismarine_stairs":3,"minecraft:white_terracotta":31,"minecraft:stone":977,"minecraft:quartz_stairs":9,"minecraft:cobblestone_slab":21,"minecraft:stripped_crimson_stem":8,"minecraft:red_nether_brick_slab":3,"minecraft:dark_prismarine_slab":19,"minecraft:crafting_table":1,"minecraft:crimson_trapdoor":9,"minecraft:brick_slab":557,"minecraft:black_banner":3,"minecraft:pink_terracotta":30,"minecraft:painting":2,"minecraft:andesite_wall":25,"minecraft:redstone_torch":9,"minecraft:glass":85,"minecraft:sticky_piston":8,"minecraft:ender_eye":1,"minecraft:light_gray_stained_glass":29,"minecraft:black_concrete":14,"minecraft:music_disc_pigstep":1,"minecraft:bricks":981,"minecraft:red_wool":303,"minecraft:quartz_slab":125,"minecraft:grass_block":122,"minecraft:oak_stairs":2,"minecraft:stone_button":3,"minecraft:quartz_block":31,"minecraft:chicken_spawn_egg":51,"minecraft:smooth_quartz":134,"minecraft:diorite_wall":11,"minecraft:crimson_planks":203,"minecraft:prismarine_slab":19,"minecraft:item_frame":1,"minecraft:potion":1,"minecraft:pufferfish_bucket":1,"minecraft:cobblestone":132,"minecraft:bow":24,"minecraft:white_stained_glass":18,"minecraft:ice":1,"minecraft:smooth_stone_slab":34,"minecraft:end_portal_frame":1,"minecraft:white_concrete":883,"minecraft:stone_pressure_plate":3,"minecraft:orange_terracotta":2,"minecraft:jukebox":1},"minecraft:dropped":{"minecraft:crimson_planks":3,"minecraft:bricks":2,"minecraft:brick_wall":1,"minecraft:smooth_stone_slab":2,"minecraft:netherite_sword":1,"minecraft:red_nether_brick_slab":2,"minecraft:cobblestone":1,"minecraft:oak_planks":2,"minecraft:lantern":1,"minecraft:prismarine":1,"minecraft:red_wool":4,"minecraft:white_terracotta":1,"minecraft:grass_block":12,"minecraft:red_carpet":1,"minecraft:item_frame":2,"minecraft:warped_trapdoor":6,"minecraft:poppy":1,"minecraft:stone":4,"minecraft:flower_pot":1,"minecraft:ice":2,"minecraft:milk_bucket":1,"minecraft:diorite":2,"minecraft:torch":1,"minecraft:quartz_block":1,"minecraft:white_concrete":1,"minecraft:smooth_quartz":1,"minecraft:light_gray_stained_glass":2,"minecraft:potion":1,"minecraft:painting":2,"minecraft:bone_meal":1,"minecraft:blue_orchid":1,"minecraft:iron_bars":1,"minecraft:arrow":1,"minecraft:black_concrete":1,"minecraft:brick_slab":3,"minecraft:white_stained_glass":1,"minecraft:quartz_slab":1}},"DataVersion":2586}