{"stats":{"minecraft:crafted":{"minecraft:leather_leggings":1,"minecraft:leather_boots":1,"minecraft:leather_helmet":1,"minecraft:leather_chestplate":1},"minecraft:picked_up":{"minecraft:wither_rose":3,"minecraft:elytra":1,"minecraft:smooth_sandstone":1,"minecraft:red_carpet":1,"minecraft:bow":1,"minecraft:netherite_sword":4,"minecraft:dark_oak_sign":1,"minecraft:spruce_slab":2,"minecraft:glass_bottle":64,"minecraft:stone":37,"minecraft:spruce_stairs":1,"minecraft:target":1,"minecraft:music_disc_11":1,"minecraft:grass_block":92,"minecraft:warped_door":2,"minecraft:brick_slab":3,"minecraft:quartz_block":2,"minecraft:arrow":1,"minecraft:yellow_terracotta":1,"minecraft:iron_bars":2,"minecraft:warped_nylium":261,"minecraft:bricks":1},"minecraft:custom":{"minecraft:interact_with_anvil":2,"minecraft:interact_with_crafting_table":6,"minecraft:play_one_minute":658514,"minecraft:interact_with_loom":2,"minecraft:pot_flower":2,"minecraft:leave_game":49,"minecraft:time_since_death":210513,"minecraft:time_since_rest":210536,"minecraft:walk_one_cm":702102,"minecraft:damage_taken":1680,"minecraft:sprint_one_cm":209000,"minecraft:open_enderchest":4,"minecraft:drop":577,"minecraft:interact_with_beacon":1,"minecraft:swim_one_cm":6,"minecraft:fly_one_cm":2745924,"minecraft:open_chest":45,"minecraft:crouch_one_cm":13650,"minecraft:deaths":24,"minecraft:sneak_time":8871,"minecraft:walk_under_water_one_cm":4889,"minecraft:boat_one_cm":4983,"minecraft:aviate_one_cm":2953713,"minecraft:jump":1455,"minecraft:interact_with_brewingstand":1,"minecraft:walk_on_water_one_cm":334,"minecraft:enchant_item":5},"minecraft:used":{"minecraft:water_bucket":9,"minecraft:polished_blackstone_brick_slab":1,"minecraft:diorite":1,"minecraft:end_rod":1,"minecraft:iron_bars":25,"minecraft:enchanting_table":1,"minecraft:spruce_door":5,"minecraft:red_concrete":4,"minecraft:spruce_slab":2,"minecraft:oak_planks":350,"minecraft:chest":24,"minecraft:birch_boat":5,"minecraft:white_terracotta":2,"minecraft:ender_chest":6,"minecraft:stone":85,"minecraft:redstone_block":1,"minecraft:quartz_stairs":19,"minecraft:netherrack":5,"minecraft:brewing_stand":2,"minecraft:anvil":2,"minecraft:dirt":7,"minecraft:sand":1,"minecraft:target":21,"minecraft:yellow_terracotta":51,"minecraft:crafting_table":3,"minecraft:brick_slab":296,"minecraft:spruce_stairs":7,"minecraft:warped_door":32,"minecraft:crossbow":1,"minecraft:painting":2,"minecraft:lingering_potion":9,"minecraft:infested_stone_bricks":1,"minecraft:birch_door":2,"minecraft:redstone_torch":5,"minecraft:glass":28,"minecraft:ender_eye":57,"minecraft:flower_pot":2,"minecraft:warped_trapdoor":4,"minecraft:light_gray_stained_glass":280,"minecraft:firework_rocket":86,"minecraft:bricks":1531,"minecraft:daylight_detector":3,"minecraft:bookshelf":3,"minecraft:birch_fence_gate":11,"minecraft:acacia_door":3,"minecraft:iron_block":21,"minecraft:heavy_weighted_pressure_plate":3,"minecraft:quartz_slab":10,"minecraft:lantern":3,"minecraft:grass_block":120,"minecraft:warped_slab":192,"minecraft:smooth_sandstone":64,"minecraft:green_wool":3,"minecraft:quartz_block":486,"minecraft:smooth_quartz":51,"minecraft:stone_bricks":1,"minecraft:bedrock":9,"minecraft:red_carpet":175,"minecraft:cobblestone":96,"minecraft:bow":16,"minecraft:white_stained_glass":11,"minecraft:wither_rose":1,"minecraft:end_portal_frame":75,"minecraft:polished_blackstone_button":1,"minecraft:birch_stairs":2},"minecraft:dropped":{"minecraft:bricks":1,"minecraft:warped_nylium":261,"minecraft:clock":1,"minecraft:yellow_terracotta":1,"minecraft:oak_planks":1,"minecraft:spruce_stairs":1,"minecraft:elytra":1,"minecraft:grass_block":138,"minecraft:target":65,"minecraft:blue_dye":4,"minecraft:stone":87,"minecraft:quartz_block":1,"minecraft:wither_rose":3,"minecraft:spruce_slab":1,"minecraft:iron_bars":2,"minecraft:arrow":1,"minecraft:bow":1,"minecraft:brick_slab":5,"minecraft:smooth_sandstone":1,"minecraft:spruce_sapling":1,"minecraft:brick":1,"minecraft:firework_rocket":2}},"DataVersion":2586}