{"stats":{"minecraft:custom":{"minecraft:interact_with_anvil":1,"minecraft:play_record":2,"minecraft:interact_with_crafting_table":2,"minecraft:play_one_minute":259190,"minecraft:leave_game":30,"minecraft:time_since_death":73458,"minecraft:time_since_rest":73495,"minecraft:sprint_one_cm":111593,"minecraft:damage_taken":1025,"minecraft:walk_one_cm":348936,"minecraft:drop":23,"minecraft:fly_one_cm":1330301,"minecraft:open_chest":1,"minecraft:crouch_one_cm":51688,"minecraft:deaths":5,"minecraft:sneak_time":7018,"minecraft:boat_one_cm":1268,"minecraft:interact_with_lectern":2,"minecraft:aviate_one_cm":32364,"minecraft:jump":585,"minecraft:fall_one_cm":514},"minecraft:used":{"minecraft:trident":63,"minecraft:orange_concrete":137,"minecraft:spruce_slab":61,"minecraft:polished_andesite":8,"minecraft:oak_planks":263,"minecraft:green_banner":6,"minecraft:birch_boat":1,"minecraft:white_terracotta":119,"minecraft:redstone_block":2,"minecraft:netherrack":179,"minecraft:dark_oak_trapdoor":8,"minecraft:anvil":1,"minecraft:rail":8,"minecraft:yellow_terracotta":173,"minecraft:brick_slab":112,"minecraft:smooth_red_sandstone":205,"minecraft:yellow_concrete":27,"minecraft:orange_wool":1,"minecraft:glass":40,"minecraft:dark_oak_planks":11,"minecraft:warped_trapdoor":2,"minecraft:firework_rocket":1,"minecraft:music_disc_pigstep":2,"minecraft:light_gray_concrete":195,"minecraft:grass_block":93,"minecraft:pig_spawn_egg":30,"minecraft:polished_andesite_stairs":12,"minecraft:quartz_block":484,"minecraft:warped_nylium":303,"minecraft:polished_granite":49,"minecraft:diorite_wall":1,"minecraft:crimson_sign":7,"minecraft:yellow_concrete_powder":121,"minecraft:fishing_rod":336,"minecraft:bow":164,"minecraft:potion":3,"minecraft:dark_oak_boat":9,"minecraft:glass_pane":36,"minecraft:smooth_stone_slab":61,"minecraft:white_concrete":17,"minecraft:orange_terracotta":1,"minecraft:green_stained_glass_pane":1,"minecraft:jukebox":1},"minecraft:dropped":{"minecraft:yellow_concrete_powder":2,"minecraft:smooth_stone_slab":2,"minecraft:netherite_sword":2,"minecraft:netherite_chestplate":1,"minecraft:warped_fungus_on_a_stick":1,"minecraft:warped_door":1,"minecraft:elytra":1,"minecraft:red_carpet":1,"minecraft:trident":1,"minecraft:sea_pickle":66,"minecraft:quartz_block":1,"minecraft:netherite_boots":1,"minecraft:crimson_sign":1,"minecraft:potion":1,"minecraft:bow":2,"minecraft:glass":1,"minecraft:redstone_block":1},"minecraft:killed_by":{"minecraft:player":1},"minecraft:picked_up":{"minecraft:warped_fungus_on_a_stick":1,"minecraft:fern":25,"minecraft:dirt":833,"minecraft:elytra":2,"minecraft:smooth_stone_slab":2,"minecraft:glass":1,"minecraft:red_carpet":2,"minecraft:sea_pickle":67,"minecraft:crimson_sign":1,"minecraft:music_disc_11":1,"minecraft:music_disc_pigstep":1,"minecraft:grass_block":1,"minecraft:yellow_concrete_powder":1,"minecraft:green_banner":16,"minecraft:quartz_block":1,"minecraft:sugar":21}},"DataVersion":2586}