{"stats":{"minecraft:dropped":{"minecraft:yellow_terracotta":1,"minecraft:stone":1,"minecraft:wheat_seeds":1,"minecraft:white_terracotta":1,"minecraft:brick_slab":3,"minecraft:firework_rocket":2},"minecraft:used":{"minecraft:fishing_rod":54,"minecraft:torch":1,"minecraft:lever":4,"minecraft:firework_rocket":321,"minecraft:bow":383,"minecraft:yellow_terracotta":4,"minecraft:birch_planks":3,"minecraft:iron_block":27,"minecraft:brick_slab":91,"minecraft:white_stained_glass_pane":2,"minecraft:white_stained_glass":4,"minecraft:end_portal_frame":25,"minecraft:white_terracotta":118,"minecraft:smooth_quartz":2,"minecraft:iron_door":5,"minecraft:beacon":12,"minecraft:ender_eye":11,"minecraft:crimson_planks":55},"minecraft:picked_up":{"minecraft:brick_slab":3,"minecraft:stone":2,"minecraft:podzol":64,"minecraft:firework_rocket":1,"minecraft:lime_carpet":1,"minecraft:iron_door":1,"minecraft:wheat_seeds":2,"minecraft:torch":1,"minecraft:yellow_terracotta":1,"minecraft:white_terracotta":1},"minecraft:custom":{"minecraft:time_since_rest":1773,"minecraft:play_one_minute":134320,"minecraft:deaths":2,"minecraft:sprint_one_cm":1503,"minecraft:damage_taken":240,"minecraft:walk_one_cm":159516,"minecraft:sneak_time":106,"minecraft:drop":9,"minecraft:jump":59,"minecraft:leave_game":1,"minecraft:time_since_death":1686,"minecraft:fly_one_cm":657261}},"DataVersion":2586}