{"stats":{"minecraft:custom":{"minecraft:interact_with_anvil":3,"minecraft:interact_with_crafting_table":1,"minecraft:play_one_minute":321157,"minecraft:interact_with_loom":2,"minecraft:leave_game":15,"minecraft:time_since_death":93091,"minecraft:time_since_rest":93130,"minecraft:sprint_one_cm":75708,"minecraft:damage_taken":240,"minecraft:walk_one_cm":372157,"minecraft:drop":101,"minecraft:damage_dealt":65,"minecraft:fly_one_cm":1351645,"minecraft:player_kills":1,"minecraft:crouch_one_cm":6182,"minecraft:deaths":5,"minecraft:sneak_time":3973,"minecraft:aviate_one_cm":22267,"minecraft:jump":505},"minecraft:used":{"minecraft:trident":2,"minecraft:netherite_sword":1,"minecraft:iron_bars":150,"minecraft:orange_concrete":228,"minecraft:birch_planks":106,"minecraft:smooth_quartz_slab":9,"minecraft:stripped_birch_log":58,"minecraft:red_stained_glass":2,"minecraft:acacia_trapdoor":10,"minecraft:polished_andesite":2,"minecraft:oak_planks":20,"minecraft:green_banner":54,"minecraft:white_terracotta":128,"minecraft:stone":73,"minecraft:oak_door":3,"minecraft:torch":32,"minecraft:dark_oak_trapdoor":29,"minecraft:anvil":3,"minecraft:loom":2,"minecraft:brick_slab":133,"minecraft:smooth_red_sandstone":125,"minecraft:yellow_concrete":168,"minecraft:warped_door":8,"minecraft:polished_diorite":12,"minecraft:birch_fence":13,"minecraft:redstone_torch":2,"minecraft:glass":78,"minecraft:netherite_block":2,"minecraft:acacia_stairs":2,"minecraft:bricks":112,"minecraft:light_gray_stained_glass":211,"minecraft:quartz_pillar":12,"minecraft:light_gray_concrete":13,"minecraft:lime_carpet":2,"minecraft:grass_block":241,"minecraft:green_wool":2,"minecraft:string":6,"minecraft:smooth_sandstone":1,"minecraft:polished_andesite_stairs":23,"minecraft:quartz_block":462,"minecraft:spruce_trapdoor":11,"minecraft:iron_door":1,"minecraft:diorite_wall":16,"minecraft:stone_brick_stairs":2,"minecraft:polished_andesite_slab":4,"minecraft:item_frame":1,"minecraft:yellow_concrete_powder":355,"minecraft:bedrock":32,"minecraft:fishing_rod":130,"minecraft:potion":14,"minecraft:bow":113,"minecraft:brown_carpet":8,"minecraft:white_banner":9,"minecraft:oak_sapling":4,"minecraft:glass_pane":59,"minecraft:stripped_oak_log":58,"minecraft:orange_terracotta":9,"minecraft:bone_meal":25,"minecraft:diorite_slab":9},"minecraft:dropped":{"minecraft:polished_diorite":2,"minecraft:crimson_stem":1,"minecraft:stripped_spruce_log":1,"minecraft:birch_planks":1,"minecraft:oak_log":1,"minecraft:oak_planks":1,"minecraft:fern":29,"minecraft:green_banner":16,"minecraft:jungle_planks":1,"minecraft:bedrock":2,"minecraft:stripped_jungle_log":1,"minecraft:acacia_log":3,"minecraft:oak_sign":1,"minecraft:glass_pane":1,"minecraft:stone":1,"minecraft:sea_pickle":4,"minecraft:nether_gold_ore":4,"minecraft:coal_ore":2,"minecraft:quartz_block":5,"minecraft:jungle_log":1,"minecraft:smooth_quartz_slab":1,"minecraft:iron_ore":1,"minecraft:bow":1,"minecraft:sugar":21},"minecraft:picked_up":{"minecraft:iron_door":1,"minecraft:fern":1,"minecraft:potion":1,"minecraft:glass_pane":1,"minecraft:bow":3,"minecraft:oak_planks":1,"minecraft:torch":4,"minecraft:grass_block":7,"minecraft:yellow_concrete_powder":1,"minecraft:warped_door":1,"minecraft:brown_carpet":2,"minecraft:quartz_block":2,"minecraft:polished_diorite":1,"minecraft:smooth_quartz_slab":1}},"DataVersion":2586}