{"stats":{"minecraft:picked_up":{"minecraft:scaffolding":1,"minecraft:polished_blackstone_stairs":1,"minecraft:polished_blackstone_slab":1,"minecraft:brown_mushroom_block":1,"minecraft:grass_block":1,"minecraft:heavy_weighted_pressure_plate":2,"minecraft:lantern":3,"minecraft:elytra":1,"minecraft:netherite_block":1,"minecraft:quartz_block":1,"minecraft:red_carpet":18,"minecraft:polished_blackstone_button":1,"minecraft:smooth_quartz":1,"minecraft:polished_blackstone":1,"minecraft:iron_bars":1},"minecraft:custom":{"minecraft:time_since_rest":51103,"minecraft:sprint_one_cm":83357,"minecraft:damage_taken":1000,"minecraft:walk_one_cm":132475,"minecraft:drop":39,"minecraft:fly_one_cm":649064,"minecraft:play_one_minute":116106,"minecraft:crouch_one_cm":1254,"minecraft:deaths":5,"minecraft:sneak_time":2374,"minecraft:jump":267,"minecraft:leave_game":4,"minecraft:time_since_death":51034,"minecraft:walk_on_water_one_cm":616,"minecraft:fall_one_cm":659},"minecraft:used":{"minecraft:oak_trapdoor":11,"minecraft:glass":4,"minecraft:water_bucket":3,"minecraft:polished_blackstone_brick_slab":263,"minecraft:iron_bars":16,"minecraft:bricks":64,"minecraft:acacia_trapdoor":5,"minecraft:quartz_slab":12,"minecraft:cracked_polished_blackstone_bricks":35,"minecraft:stripped_birch_log":4,"minecraft:grass_block":121,"minecraft:polished_andesite":109,"minecraft:slime_block":15,"minecraft:oak_planks":104,"minecraft:quartz_block":484,"minecraft:white_terracotta":1,"minecraft:spruce_trapdoor":1,"minecraft:smooth_quartz":4,"minecraft:quartz_stairs":39,"minecraft:grass":13,"minecraft:birch_trapdoor":4,"minecraft:dirt":5,"minecraft:iron_trapdoor":166,"minecraft:white_banner":23,"minecraft:dark_oak_fence":108,"minecraft:polished_diorite":2,"minecraft:brown_mushroom_block":1},"minecraft:dropped":{"minecraft:water_bucket":1,"minecraft:bricks":2,"minecraft:cracked_polished_blackstone_bricks":1,"minecraft:dirt":1,"minecraft:grass":3,"minecraft:heavy_weighted_pressure_plate":2,"minecraft:dark_oak_fence":2,"minecraft:spruce_trapdoor":1,"minecraft:polished_blackstone":1,"minecraft:quartz_block":4,"minecraft:quartz_stairs":1,"minecraft:smooth_quartz":1,"minecraft:oak_planks":2,"minecraft:lantern":3,"minecraft:polished_blackstone_brick_slab":3,"minecraft:slime_block":1,"minecraft:polished_blackstone_slab":1,"minecraft:polished_blackstone_button":1,"minecraft:elytra":1,"minecraft:grass_block":2,"minecraft:brown_mushroom_block":1,"minecraft:quartz_slab":1,"minecraft:red_carpet":18,"minecraft:polished_blackstone_stairs":1,"minecraft:polished_andesite":1}},"DataVersion":2586}