{"stats":{"minecraft:picked_up":{"minecraft:quartz_block":2,"minecraft:quartz_slab":3,"minecraft:white_stained_glass":1,"minecraft:bow":1,"minecraft:white_terracotta":1,"minecraft:bricks":2,"minecraft:dark_oak_stairs":3,"minecraft:cobblestone":2},"minecraft:dropped":{"minecraft:bricks":4,"minecraft:stone":1,"minecraft:dark_oak_stairs":3,"minecraft:quartz_block":1,"minecraft:dark_oak_slab":1,"minecraft:cobblestone":2,"minecraft:bow":2,"minecraft:glass":1,"minecraft:black_concrete":1,"minecraft:white_terracotta":3,"minecraft:white_stained_glass":1,"minecraft:brown_mushroom_block":2,"minecraft:quartz_slab":4},"minecraft:used":{"minecraft:glass":37,"minecraft:dark_oak_stairs":44,"minecraft:netherite_sword":17,"minecraft:light_gray_stained_glass":2,"minecraft:writable_book":5,"minecraft:black_concrete":1,"minecraft:iron_bars":37,"minecraft:bricks":661,"minecraft:bookshelf":25,"minecraft:quartz_slab":130,"minecraft:grass_block":10,"minecraft:oak_planks":59,"minecraft:lectern":2,"minecraft:white_terracotta":90,"minecraft:stone":5,"minecraft:dark_oak_slab":75,"minecraft:mossy_cobblestone_slab":20,"minecraft:quartz_stairs":129,"minecraft:cobblestone":144,"minecraft:bow":52,"minecraft:iron_trapdoor":56,"minecraft:white_stained_glass":49,"minecraft:crossbow":28,"minecraft:white_concrete":17,"minecraft:dark_oak_door":3},"minecraft:custom":{"minecraft:time_since_rest":248735,"minecraft:sprint_one_cm":111161,"minecraft:damage_taken":480,"minecraft:walk_one_cm":150864,"minecraft:drop":26,"minecraft:damage_dealt":606,"minecraft:fly_one_cm":1189686,"minecraft:crouch_one_cm":2596,"minecraft:play_one_minute":333456,"minecraft:deaths":3,"minecraft:sneak_time":2724,"minecraft:interact_with_lectern":2,"minecraft:jump":697,"minecraft:leave_game":13,"minecraft:time_since_death":248702}},"DataVersion":2586}