{"stats":{"minecraft:picked_up":{"minecraft:clock":1,"minecraft:potion":1,"minecraft:music_disc_11":8,"minecraft:music_disc_pigstep":1,"minecraft:quartz_block":2,"minecraft:red_carpet":4,"minecraft:glass":1,"minecraft:music_disc_ward":3,"minecraft:polished_blackstone_button":1,"minecraft:netherite_sword":3,"minecraft:iron_ingot":119,"minecraft:emerald":175,"minecraft:poppy":6,"minecraft:netherite_hoe":1,"minecraft:nether_star":1},"minecraft:dropped":{"minecraft:iron_ingot":103,"minecraft:jukebox":1,"minecraft:quartz_block":2,"minecraft:netherite_sword":3,"minecraft:grass_block":1,"minecraft:music_disc_11":2,"minecraft:emerald":192},"minecraft:used":{"minecraft:crimson_stem":1,"minecraft:netherite_sword":25,"minecraft:water_bucket":4,"minecraft:polished_blackstone_brick_slab":16,"minecraft:bricks":3,"minecraft:light_gray_stained_glass":455,"minecraft:daylight_detector":15,"minecraft:villager_spawn_egg":114,"minecraft:flint_and_steel":4,"minecraft:command_block":10,"minecraft:red_concrete":56,"minecraft:grass_block":62,"minecraft:music_disc_ward":4,"minecraft:oak_planks":149,"minecraft:quartz_block":418,"minecraft:stone":5,"minecraft:polished_granite":4,"minecraft:redstone_block":35,"minecraft:stone_bricks":21,"minecraft:jungle_boat":1,"minecraft:netherrack":7,"minecraft:pufferfish":5,"minecraft:red_carpet":8,"minecraft:dirt":28,"minecraft:bow":56,"minecraft:tnt":3,"minecraft:phantom_spawn_egg":3,"minecraft:crossbow":22,"minecraft:oak_boat":1,"minecraft:polished_blackstone_button":1,"minecraft:music_disc_11":11,"minecraft:infested_stone_bricks":1,"minecraft:cake":5,"minecraft:jukebox":14,"minecraft:obsidian":10},"minecraft:killed":{"minecraft:iron_golem":5,"minecraft:creeper":1,"minecraft:wither":6,"minecraft:phantom":1},"minecraft:custom":{"minecraft:time_since_rest":157251,"minecraft:sprint_one_cm":245429,"minecraft:damage_taken":280,"minecraft:walk_one_cm":412104,"minecraft:mob_kills":13,"minecraft:drop":304,"minecraft:damage_dealt":21321,"minecraft:play_record":15,"minecraft:fly_one_cm":847429,"minecraft:player_kills":4,"minecraft:crouch_one_cm":12653,"minecraft:play_one_minute":324889,"minecraft:deaths":1,"minecraft:sneak_time":9736,"minecraft:walk_under_water_one_cm":1028,"minecraft:jump":308,"minecraft:eat_cake_slice":28,"minecraft:leave_game":37,"minecraft:walk_on_water_one_cm":7034,"minecraft:time_since_death":157222}},"DataVersion":2586}