{"stats":{"minecraft:picked_up":{"minecraft:flower_pot":1,"minecraft:lantern":2,"minecraft:infested_stone_bricks":1,"minecraft:blue_orchid":1,"minecraft:stone_bricks":1,"minecraft:painting":1,"minecraft:poppy":2,"minecraft:cobblestone":1},"minecraft:used":{"minecraft:wandering_trader_spawn_egg":4,"minecraft:flower_pot":7,"minecraft:netherite_sword":13,"minecraft:diorite":46,"minecraft:bricks":134,"minecraft:bookshelf":20,"minecraft:lantern":8,"minecraft:grass_block":24,"minecraft:oak_stairs":5,"minecraft:oak_planks":84,"minecraft:quartz_block":19,"minecraft:stone":44,"minecraft:stone_bricks":103,"minecraft:mossy_cobblestone":12,"minecraft:redstone_lamp":1,"minecraft:cobblestone":60,"minecraft:potion":9,"minecraft:tnt":4,"minecraft:brick_slab":6,"minecraft:painting":8,"minecraft:infested_stone_bricks":30,"minecraft:milk_bucket":3,"minecraft:polished_diorite":4},"minecraft:custom":{"minecraft:time_since_rest":57012,"minecraft:sprint_one_cm":82690,"minecraft:damage_taken":50001524,"minecraft:walk_one_cm":257244,"minecraft:drop":5,"minecraft:damage_dealt":423,"minecraft:fly_one_cm":899437,"minecraft:play_one_minute":215762,"minecraft:crouch_one_cm":826,"minecraft:deaths":7,"minecraft:sneak_time":1302,"minecraft:pot_flower":6,"minecraft:jump":317,"minecraft:leave_game":20,"minecraft:walk_on_water_one_cm":2216,"minecraft:time_since_death":56957},"minecraft:killed_by":{"minecraft:player":1},"minecraft:dropped":{"minecraft:poppy":1,"minecraft:cobblestone":1,"minecraft:stone_bricks":1,"minecraft:infested_stone_bricks":1,"minecraft:wandering_trader_spawn_egg":1}},"DataVersion":2586}