{"stats":{"minecraft:picked_up":{"minecraft:stick":3,"minecraft:sandstone_wall":1,"minecraft:smooth_sandstone_stairs":1,"minecraft:wandering_trader_spawn_egg":2,"minecraft:infested_stone_bricks":2,"minecraft:smooth_sandstone":1,"minecraft:wheat_seeds":1,"minecraft:birch_sign":1,"minecraft:smooth_quartz":2,"minecraft:oak_sapling":2,"minecraft:netherite_hoe":1,"minecraft:iron_bars":2,"minecraft:oak_leaves":2,"minecraft:nether_star":5,"minecraft:cobblestone":1},"minecraft:dropped":{"minecraft:sandstone_wall":1,"minecraft:netherite_hoe":2,"minecraft:nether_star":5,"minecraft:smooth_quartz":1,"minecraft:smooth_sandstone_stairs":1,"minecraft:cobblestone":1,"minecraft:iron_bars":3,"minecraft:smooth_sandstone":1,"minecraft:brown_banner":1,"minecraft:oak_leaves":2,"minecraft:infested_stone_bricks":2,"minecraft:wandering_trader_spawn_egg":1},"minecraft:used":{"minecraft:wandering_trader_spawn_egg":2,"minecraft:glass":12,"minecraft:quartz_bricks":237,"minecraft:brown_terracotta":3,"minecraft:dark_oak_planks":12,"minecraft:trident":5,"minecraft:diorite":220,"minecraft:iron_bars":118,"minecraft:bricks":1454,"minecraft:acacia_log":1,"minecraft:brick_wall":37,"minecraft:light_gray_stained_glass_pane":8,"minecraft:light_gray_concrete":260,"minecraft:smooth_quartz_slab":31,"minecraft:iron_block":4,"minecraft:grass_block":349,"minecraft:smooth_sandstone":1143,"minecraft:music_disc_chirp":2,"minecraft:ender_pearl":51,"minecraft:redstone_block":243,"minecraft:smooth_quartz":306,"minecraft:diorite_wall":7,"minecraft:grass":76,"minecraft:sandstone_wall":20,"minecraft:smooth_sandstone_stairs":174,"minecraft:stone_bricks":212,"minecraft:smooth_quartz_stairs":86,"minecraft:oak_leaves":69,"minecraft:dark_oak_trapdoor":38,"minecraft:mossy_cobblestone":10,"minecraft:dirt":12,"minecraft:cobblestone":890,"minecraft:bow":32,"minecraft:cut_sandstone_slab":8,"minecraft:oak_sapling":6,"minecraft:brick_slab":53,"minecraft:white_stained_glass_pane":29,"minecraft:brown_banner":20,"minecraft:acacia_leaves":80,"minecraft:chiseled_quartz_block":19,"minecraft:acacia_sapling":1,"minecraft:jukebox":2,"minecraft:painting":5,"minecraft:infested_stone_bricks":715,"minecraft:blue_concrete":15,"minecraft:polished_diorite":41,"minecraft:bone_meal":22,"minecraft:dark_oak_door":5},"minecraft:custom":{"minecraft:time_since_rest":389159,"minecraft:sprint_one_cm":25908,"minecraft:damage_taken":50000564,"minecraft:walk_one_cm":202106,"minecraft:drop":21,"minecraft:play_record":2,"minecraft:fly_one_cm":2345796,"minecraft:crouch_one_cm":3269,"minecraft:play_one_minute":563907,"minecraft:deaths":4,"minecraft:sneak_time":12371,"minecraft:jump":353,"minecraft:leave_game":34,"minecraft:time_since_death":389051},"minecraft:killed_by":{"minecraft:player":1}},"DataVersion":2586}