{"stats":{"minecraft:picked_up":{"minecraft:quartz_block":2,"minecraft:quartz_slab":3,"minecraft:white_stained_glass":1,"minecraft:bow":1,"minecraft:bricks":2,"minecraft:dark_oak_stairs":3,"minecraft:cobblestone":2},"minecraft:dropped":{"minecraft:bricks":2,"minecraft:stone":1,"minecraft:dark_oak_stairs":3,"minecraft:dark_oak_slab":1,"minecraft:cobblestone":2,"minecraft:bow":2,"minecraft:glass":1,"minecraft:black_concrete":1,"minecraft:white_terracotta":1,"minecraft:white_stained_glass":1,"minecraft:quartz_slab":3},"minecraft:used":{"minecraft:glass":37,"minecraft:dark_oak_stairs":36,"minecraft:netherite_sword":17,"minecraft:black_concrete":1,"minecraft:writable_book":5,"minecraft:iron_bars":21,"minecraft:bricks":298,"minecraft:bookshelf":25,"minecraft:quartz_slab":90,"minecraft:grass_block":7,"minecraft:oak_planks":59,"minecraft:lectern":2,"minecraft:white_terracotta":54,"minecraft:dark_oak_slab":43,"minecraft:stone":5,"minecraft:mossy_cobblestone_slab":20,"minecraft:cobblestone":142,"minecraft:bow":52,"minecraft:white_stained_glass":49,"minecraft:crossbow":28,"minecraft:white_concrete":17,"minecraft:dark_oak_door":2},"minecraft:custom":{"minecraft:time_since_rest":127154,"minecraft:sprint_one_cm":97363,"minecraft:damage_taken":480,"minecraft:walk_one_cm":114570,"minecraft:drop":18,"minecraft:damage_dealt":606,"minecraft:fly_one_cm":805953,"minecraft:crouch_one_cm":2047,"minecraft:play_one_minute":211875,"minecraft:deaths":3,"minecraft:sneak_time":1758,"minecraft:jump":610,"minecraft:leave_game":8,"minecraft:time_since_death":127121}},"DataVersion":2586}