{"stats":{"minecraft:picked_up":{"minecraft:stone":1,"minecraft:brick_wall":1,"minecraft:grass_block":7,"minecraft:brick_slab":2,"minecraft:quartz_slab":1,"minecraft:white_stained_glass":1,"minecraft:arrow":1,"minecraft:black_concrete":1,"minecraft:netherite_sword":1,"minecraft:redstone_torch":2,"minecraft:white_terracotta":2,"minecraft:iron_bars":1,"minecraft:cobblestone":1},"minecraft:used":{"minecraft:andesite_wall":25,"minecraft:redstone_torch":9,"minecraft:oak_trapdoor":2,"minecraft:glass":85,"minecraft:sticky_piston":8,"minecraft:netherite_sword":28,"minecraft:diorite":49,"minecraft:black_concrete":14,"minecraft:bricks":416,"minecraft:brick_wall":14,"minecraft:quartz_slab":113,"minecraft:grass_block":53,"minecraft:oak_stairs":2,"minecraft:carrot_on_a_stick":13,"minecraft:oak_planks":19,"minecraft:white_terracotta":31,"minecraft:stone":2,"minecraft:quartz_stairs":9,"minecraft:diorite_wall":11,"minecraft:cobblestone_slab":21,"minecraft:pufferfish_bucket":1,"minecraft:bow":24,"minecraft:cobblestone":132,"minecraft:brick_slab":7,"minecraft:white_stained_glass":18,"minecraft:pink_terracotta":30,"minecraft:white_concrete":2,"minecraft:orange_terracotta":2},"minecraft:custom":{"minecraft:time_since_rest":48287,"minecraft:sprint_one_cm":35445,"minecraft:damage_taken":480,"minecraft:walk_one_cm":151580,"minecraft:drop":16,"minecraft:damage_dealt":1358,"minecraft:fly_one_cm":602084,"minecraft:crouch_one_cm":1922,"minecraft:play_one_minute":135015,"minecraft:deaths":3,"minecraft:sneak_time":723,"minecraft:interact_with_lectern":1,"minecraft:jump":278,"minecraft:leave_game":4,"minecraft:time_since_death":48251},"minecraft:dropped":{"minecraft:poppy":1,"minecraft:brick_wall":1,"minecraft:flower_pot":1,"minecraft:netherite_sword":1,"minecraft:cobblestone":1,"minecraft:lantern":1,"minecraft:iron_bars":1,"minecraft:arrow":1,"minecraft:blue_orchid":1,"minecraft:black_concrete":1,"minecraft:white_terracotta":1,"minecraft:brick_slab":2,"minecraft:white_stained_glass":1,"minecraft:grass_block":1,"minecraft:quartz_slab":1}},"DataVersion":2586}