{"stats":{"minecraft:picked_up":{"minecraft:spruce_stairs":1,"minecraft:grass_block":91,"minecraft:red_carpet":1,"minecraft:arrow":1,"minecraft:dark_oak_sign":1,"minecraft:spruce_slab":2},"minecraft:dropped":{"minecraft:blue_dye":4,"minecraft:oak_planks":1,"minecraft:spruce_slab":1,"minecraft:arrow":1,"minecraft:spruce_stairs":1,"minecraft:grass_block":138,"minecraft:firework_rocket":1},"minecraft:used":{"minecraft:redstone_torch":5,"minecraft:glass":28,"minecraft:flower_pot":2,"minecraft:firework_rocket":14,"minecraft:bookshelf":3,"minecraft:birch_fence_gate":11,"minecraft:acacia_door":3,"minecraft:lantern":3,"minecraft:grass_block":54,"minecraft:spruce_slab":2,"minecraft:oak_planks":192,"minecraft:quartz_block":232,"minecraft:ender_chest":6,"minecraft:netherrack":5,"minecraft:red_carpet":175,"minecraft:crafting_table":3,"minecraft:spruce_stairs":7,"minecraft:warped_door":6,"minecraft:birch_stairs":2},"minecraft:custom":{"minecraft:time_since_rest":150642,"minecraft:sprint_one_cm":23647,"minecraft:open_enderchest":4,"minecraft:damage_taken":480,"minecraft:walk_one_cm":246295,"minecraft:drop":144,"minecraft:interact_with_crafting_table":3,"minecraft:fly_one_cm":223173,"minecraft:crouch_one_cm":176,"minecraft:play_one_minute":150932,"minecraft:interact_with_loom":2,"minecraft:deaths":2,"minecraft:sneak_time":943,"minecraft:pot_flower":2,"minecraft:aviate_one_cm":458700,"minecraft:jump":254,"minecraft:leave_game":5,"minecraft:time_since_death":150606},"minecraft:crafted":{"minecraft:leather_leggings":1,"minecraft:leather_boots":1,"minecraft:leather_chestplate":1,"minecraft:leather_helmet":1}},"DataVersion":2586}