{"stats":{"minecraft:picked_up":{"minecraft:potion":1,"minecraft:music_disc_11":4,"minecraft:red_carpet":4,"minecraft:glass":1,"minecraft:music_disc_ward":1,"minecraft:netherite_sword":1,"minecraft:iron_ingot":119,"minecraft:emerald":175,"minecraft:poppy":6,"minecraft:netherite_hoe":1,"minecraft:nether_star":1},"minecraft:used":{"minecraft:water_bucket":4,"minecraft:netherite_sword":25,"minecraft:polished_blackstone_brick_slab":13,"minecraft:daylight_detector":15,"minecraft:villager_spawn_egg":114,"minecraft:flint_and_steel":4,"minecraft:command_block":1,"minecraft:grass_block":4,"minecraft:music_disc_ward":1,"minecraft:oak_planks":8,"minecraft:quartz_block":16,"minecraft:polished_granite":4,"minecraft:stone":5,"minecraft:stone_bricks":21,"minecraft:pufferfish":5,"minecraft:red_carpet":8,"minecraft:dirt":23,"minecraft:bow":56,"minecraft:tnt":3,"minecraft:phantom_spawn_egg":3,"minecraft:crossbow":20,"minecraft:music_disc_11":4,"minecraft:infested_stone_bricks":1,"minecraft:jukebox":5,"minecraft:obsidian":10},"minecraft:dropped":{"minecraft:iron_ingot":103,"minecraft:jukebox":1,"minecraft:netherite_sword":1,"minecraft:grass_block":1,"minecraft:music_disc_11":2,"minecraft:emerald":192},"minecraft:killed":{"minecraft:iron_golem":5,"minecraft:creeper":1,"minecraft:wither":6,"minecraft:phantom":1},"minecraft:custom":{"minecraft:time_since_rest":151800,"minecraft:sprint_one_cm":234818,"minecraft:walk_one_cm":345721,"minecraft:mob_kills":13,"minecraft:drop":300,"minecraft:damage_dealt":21321,"minecraft:play_record":5,"minecraft:fly_one_cm":271072,"minecraft:player_kills":4,"minecraft:crouch_one_cm":11633,"minecraft:play_one_minute":151800,"minecraft:sneak_time":3480,"minecraft:walk_under_water_one_cm":1028,"minecraft:jump":183,"minecraft:leave_game":18,"minecraft:walk_on_water_one_cm":7034,"minecraft:time_since_death":151800}},"DataVersion":2586}