{"stats":{"minecraft:picked_up":{"minecraft:stick":3,"minecraft:infested_stone_bricks":2,"minecraft:wandering_trader_spawn_egg":2,"minecraft:oak_sapling":2,"minecraft:netherite_hoe":1,"minecraft:oak_leaves":2,"minecraft:nether_star":5,"minecraft:cobblestone":1},"minecraft:dropped":{"minecraft:cobblestone":1,"minecraft:netherite_hoe":2,"minecraft:nether_star":5,"minecraft:oak_leaves":2,"minecraft:wandering_trader_spawn_egg":1,"minecraft:infested_stone_bricks":2},"minecraft:used":{"minecraft:glass":4,"minecraft:wandering_trader_spawn_egg":2,"minecraft:oak_leaves":42,"minecraft:brown_terracotta":3,"minecraft:diorite":42,"minecraft:mossy_cobblestone":10,"minecraft:iron_bars":7,"minecraft:dirt":9,"minecraft:bricks":313,"minecraft:cobblestone":51,"minecraft:oak_sapling":6,"minecraft:iron_block":4,"minecraft:grass_block":28,"minecraft:painting":5,"minecraft:redstone_block":17,"minecraft:infested_stone_bricks":243,"minecraft:blue_concrete":12,"minecraft:bone_meal":18,"minecraft:polished_diorite":1,"minecraft:trident":5},"minecraft:custom":{"minecraft:time_since_rest":43044,"minecraft:crouch_one_cm":1507,"minecraft:play_one_minute":217792,"minecraft:sprint_one_cm":23781,"minecraft:damage_taken":50000564,"minecraft:deaths":4,"minecraft:walk_one_cm":110941,"minecraft:sneak_time":1790,"minecraft:drop":13,"minecraft:jump":205,"minecraft:leave_game":30,"minecraft:time_since_death":42936,"minecraft:fly_one_cm":499277},"minecraft:killed_by":{"minecraft:player":1}},"DataVersion":2586}