{"stats":{"minecraft:picked_up":{"minecraft:fishing_rod":1,"minecraft:andesite":1,"minecraft:trident":1,"minecraft:grass_block":38,"minecraft:elytra":1,"minecraft:painting":1,"minecraft:white_terracotta":2,"minecraft:bricks":1,"minecraft:cobblestone":1},"minecraft:dropped":{"minecraft:bricks":1,"minecraft:andesite":1,"minecraft:cobblestone":1,"minecraft:oak_stairs":1,"minecraft:painting":1,"minecraft:white_terracotta":2},"minecraft:used":{"minecraft:dark_oak_planks":65,"minecraft:nether_brick_fence":3,"minecraft:diorite":7,"minecraft:polished_blackstone_brick_slab":79,"minecraft:red_sand":6,"minecraft:iron_bars":2,"minecraft:bricks":45,"minecraft:birch_slab":5,"minecraft:iron_block":1,"minecraft:grass_block":19,"minecraft:oak_stairs":13,"minecraft:polished_andesite":17,"minecraft:oak_planks":168,"minecraft:quartz_block":36,"minecraft:white_terracotta":58,"minecraft:stone":2,"minecraft:spruce_trapdoor":2,"minecraft:white_wool":4,"minecraft:fishing_rod":39,"minecraft:cobblestone":9,"minecraft:birch_sign":2,"minecraft:andesite":71,"minecraft:painting":4,"minecraft:dark_oak_door":7,"minecraft:polished_diorite":2},"minecraft:custom":{"minecraft:time_since_rest":78969,"minecraft:sprint_one_cm":49717,"minecraft:damage_taken":960,"minecraft:walk_one_cm":143438,"minecraft:drop":7,"minecraft:fly_one_cm":281412,"minecraft:crouch_one_cm":58,"minecraft:play_one_minute":152190,"minecraft:deaths":4,"minecraft:sneak_time":381,"minecraft:jump":128,"minecraft:leave_game":4,"minecraft:time_since_death":78888}},"DataVersion":2586}