{"stats":{"minecraft:dropped":{"minecraft:crimson_planks":2,"minecraft:bricks":4,"minecraft:dark_oak_stairs":3,"minecraft:dark_oak_slab":1,"minecraft:netherite_chestplate":1,"minecraft:crossbow":1,"minecraft:yellow_terracotta":1,"minecraft:white_carpet":1,"minecraft:cobblestone":2,"minecraft:oak_planks":1,"minecraft:spectral_arrow":1,"minecraft:red_wool":3,"minecraft:green_banner":1,"minecraft:white_terracotta":3,"minecraft:grass_block":2,"minecraft:cobweb":2,"minecraft:stone":2,"minecraft:torch":1,"minecraft:quartz_block":1,"minecraft:iron_door":1,"minecraft:end_portal_frame":1,"minecraft:potion":1,"minecraft:green_carpet":1,"minecraft:iron_bars":2,"minecraft:bow":2,"minecraft:glass":1,"minecraft:black_concrete":1,"minecraft:white_stained_glass":1,"minecraft:brown_mushroom_block":2,"minecraft:quartz_slab":5,"minecraft:firework_rocket":1},"minecraft:used":{"minecraft:dark_oak_stairs":44,"minecraft:netherite_sword":17,"minecraft:diorite":6,"minecraft:end_rod":50,"minecraft:writable_book":5,"minecraft:iron_bars":73,"minecraft:birch_planks":6,"minecraft:redstone":16,"minecraft:oak_planks":63,"minecraft:green_banner":3,"minecraft:white_terracotta":853,"minecraft:stone":9,"minecraft:quartz_stairs":129,"minecraft:torch":26,"minecraft:yellow_terracotta":189,"minecraft:white_carpet":24,"minecraft:brick_slab":453,"minecraft:yellow_concrete":4,"minecraft:crossbow":85,"minecraft:dark_oak_door":3,"minecraft:polished_diorite":13,"minecraft:sticky_piston":3,"minecraft:glass":37,"minecraft:ender_eye":3,"minecraft:lever":12,"minecraft:firework_rocket":292,"minecraft:black_concrete":1,"minecraft:warped_trapdoor":10,"minecraft:bricks":667,"minecraft:bookshelf":25,"minecraft:light_gray_stained_glass":5,"minecraft:red_wool":131,"minecraft:quartz_slab":144,"minecraft:lime_carpet":19,"minecraft:grass_block":66,"minecraft:oak_button":1,"minecraft:string":67,"minecraft:lectern":2,"minecraft:dark_oak_slab":75,"minecraft:mossy_cobblestone_slab":20,"minecraft:smooth_quartz":303,"minecraft:iron_door":1,"minecraft:crimson_planks":56,"minecraft:stone_bricks":1,"minecraft:green_carpet":28,"minecraft:repeater":11,"minecraft:bow":56,"minecraft:cobblestone":144,"minecraft:potion":22,"minecraft:iron_trapdoor":56,"minecraft:white_stained_glass":49,"minecraft:end_portal_frame":19,"minecraft:white_concrete":17,"minecraft:cobweb":5},"minecraft:picked_up":{"minecraft:netherite_boots":1,"minecraft:end_portal_frame":1,"minecraft:potion":1,"minecraft:netherite_leggings":1,"minecraft:quartz_slab":4,"minecraft:white_stained_glass":1,"minecraft:bow":1,"minecraft:cobweb":2,"minecraft:dark_oak_stairs":3,"minecraft:red_wool":2,"minecraft:torch":2,"minecraft:target":34,"minecraft:grass_block":3,"minecraft:spectral_arrow":1,"minecraft:quartz_block":2,"minecraft:firework_rocket":1,"minecraft:iron_helmet":1,"minecraft:white_terracotta":1,"minecraft:netherite_chestplate":1,"minecraft:bricks":2,"minecraft:iron_bars":2,"minecraft:cobblestone":2},"minecraft:custom":{"minecraft:play_one_minute":550508,"minecraft:leave_game":20,"minecraft:time_since_death":185296,"minecraft:time_since_rest":185337,"minecraft:sprint_one_cm":146904,"minecraft:damage_taken":720,"minecraft:walk_one_cm":509611,"minecraft:drop":50,"minecraft:damage_dealt":606,"minecraft:fly_one_cm":2157649,"minecraft:crouch_one_cm":3437,"minecraft:deaths":4,"minecraft:sneak_time":4218,"minecraft:interact_with_lectern":2,"minecraft:jump":1056}},"DataVersion":2586}