{"stats":{"minecraft:dropped":{"minecraft:brick_wall":1,"minecraft:netherite_sword":1,"minecraft:cobblestone":1,"minecraft:lantern":1,"minecraft:white_terracotta":1,"minecraft:grass_block":9,"minecraft:poppy":1,"minecraft:stone":4,"minecraft:flower_pot":1,"minecraft:milk_bucket":1,"minecraft:white_concrete":1,"minecraft:smooth_quartz":1,"minecraft:potion":1,"minecraft:bone_meal":1,"minecraft:blue_orchid":1,"minecraft:arrow":1,"minecraft:iron_bars":1,"minecraft:black_concrete":1,"minecraft:brick_slab":3,"minecraft:white_stained_glass":1,"minecraft:quartz_slab":1},"minecraft:used":{"minecraft:oak_trapdoor":2,"minecraft:netherite_sword":28,"minecraft:diorite":50,"minecraft:brick_wall":20,"minecraft:smooth_quartz_slab":55,"minecraft:carrot_on_a_stick":13,"minecraft:oak_planks":21,"minecraft:white_terracotta":31,"minecraft:stone":977,"minecraft:quartz_stairs":9,"minecraft:cobblestone_slab":21,"minecraft:stripped_crimson_stem":8,"minecraft:red_nether_brick_slab":3,"minecraft:brick_slab":466,"minecraft:pink_terracotta":30,"minecraft:painting":2,"minecraft:redstone_torch":9,"minecraft:andesite_wall":25,"minecraft:sticky_piston":8,"minecraft:glass":85,"minecraft:black_concrete":14,"minecraft:bricks":714,"minecraft:light_gray_stained_glass":29,"minecraft:music_disc_pigstep":1,"minecraft:quartz_slab":113,"minecraft:red_wool":1,"minecraft:grass_block":115,"minecraft:oak_stairs":2,"minecraft:quartz_block":3,"minecraft:smooth_quartz":134,"minecraft:diorite_wall":11,"minecraft:crimson_planks":1,"minecraft:item_frame":1,"minecraft:bow":24,"minecraft:cobblestone":132,"minecraft:potion":1,"minecraft:pufferfish_bucket":1,"minecraft:white_stained_glass":18,"minecraft:smooth_stone_slab":34,"minecraft:ice":1,"minecraft:white_concrete":883,"minecraft:orange_terracotta":2,"minecraft:jukebox":1},"minecraft:picked_up":{"minecraft:quartz_slab":1,"minecraft:white_stained_glass":1,"minecraft:netherite_sword":1,"minecraft:redstone_torch":2,"minecraft:milk_bucket":1,"minecraft:stone":3,"minecraft:brick_wall":1,"minecraft:grass_block":7,"minecraft:brick_slab":2,"minecraft:arrow":1,"minecraft:black_concrete":1,"minecraft:bone_meal":1,"minecraft:white_concrete":1,"minecraft:white_terracotta":2,"minecraft:iron_bars":1,"minecraft:cobblestone":1},"minecraft:custom":{"minecraft:play_record":1,"minecraft:interact_with_crafting_table":1,"minecraft:play_one_minute":377733,"minecraft:leave_game":17,"minecraft:time_since_death":290969,"minecraft:time_since_rest":291005,"minecraft:sprint_one_cm":207740,"minecraft:damage_taken":480,"minecraft:walk_one_cm":438815,"minecraft:drop":34,"minecraft:damage_dealt":1358,"minecraft:fly_one_cm":2171865,"minecraft:crouch_one_cm":2167,"minecraft:deaths":3,"minecraft:sneak_time":2301,"minecraft:interact_with_lectern":1,"minecraft:jump":932}},"DataVersion":2586}