{"stats":{"minecraft:dropped":{"minecraft:iron_ingot":103,"minecraft:crossbow":2,"minecraft:command_block":5,"minecraft:grass_block":2,"minecraft:music_disc_11":2,"minecraft:emerald":192,"minecraft:white_concrete":1,"minecraft:dark_oak_planks":1,"minecraft:player_head":1,"minecraft:jukebox":1,"minecraft:netherite_sword":4,"minecraft:debug_stick":4,"minecraft:quartz_block":2,"minecraft:chain_command_block":1,"minecraft:written_book":4,"minecraft:firework_rocket":1},"minecraft:killed":{"minecraft:wither":6,"minecraft:phantom":1,"minecraft:iron_golem":5,"minecraft:creeper":4},"minecraft:killed_by":{"minecraft:player":1},"minecraft:picked_up":{"minecraft:potion":1,"minecraft:crimson_trapdoor":1,"minecraft:acacia_button":2,"minecraft:crimson_planks":1,"minecraft:sea_pickle":3,"minecraft:netherite_sword":3,"minecraft:warped_slab":1,"minecraft:redstone_torch":1,"minecraft:written_book":1,"minecraft:player_head":1,"minecraft:poppy":6,"minecraft:fire_charge":255,"minecraft:music_disc_11":8,"minecraft:music_disc_pigstep":1,"minecraft:redstone":1,"minecraft:dark_oak_planks":1,"minecraft:quartz_block":2,"minecraft:command_block":5,"minecraft:music_disc_ward":3,"minecraft:clock":1,"minecraft:prismarine_slab":1,"minecraft:fern":3,"minecraft:gunpowder":5,"minecraft:lantern":2,"minecraft:glass":1,"minecraft:smooth_sandstone":1,"minecraft:red_carpet":4,"minecraft:iron_ingot":119,"minecraft:prismarine_brick_slab":1,"minecraft:debug_stick":4,"minecraft:chain_command_block":1,"minecraft:grass_block":1,"minecraft:firework_rocket":440,"minecraft:dark_prismarine_slab":1,"minecraft:polished_blackstone_button":1,"minecraft:crossbow":2,"minecraft:birch_sign":1,"minecraft:white_concrete":1,"minecraft:emerald":175,"minecraft:netherite_hoe":1,"minecraft:nether_star":4},"minecraft:custom":{"minecraft:mob_kills":18,"minecraft:eat_cake_slice":35,"minecraft:leave_game":55,"minecraft:time_since_death":112510,"minecraft:sprint_one_cm":319513,"minecraft:walk_one_cm":757477,"minecraft:drop":326,"minecraft:deaths":6,"minecraft:sneak_time":22561,"minecraft:walk_under_water_one_cm":1028,"minecraft:jump":1098,"minecraft:walk_on_water_one_cm":7034,"minecraft:play_record":15,"minecraft:play_one_minute":888378,"minecraft:time_since_rest":112541,"minecraft:open_enderchest":3,"minecraft:damage_taken":500605,"minecraft:minecart_one_cm":497,"minecraft:damage_dealt":21950,"minecraft:fly_one_cm":3377474,"minecraft:player_kills":4,"minecraft:crouch_one_cm":15684,"minecraft:inspect_dispenser":6},"minecraft:used":{"minecraft:netherite_sword":27,"minecraft:polished_blackstone_brick_slab":16,"minecraft:iron_bars":26,"minecraft:dead_tube_coral_block":3,"minecraft:flint_and_steel":26,"minecraft:smooth_quartz_slab":18,"minecraft:red_concrete":56,"minecraft:dispenser":4,"minecraft:redstone":22,"minecraft:bone_block":15,"minecraft:oak_sign":21,"minecraft:mycelium":54,"minecraft:white_terracotta":18,"minecraft:ender_chest":1,"minecraft:stone":7,"minecraft:quartz_stairs":8,"minecraft:smooth_sandstone_stairs":11,"minecraft:structure_block":9,"minecraft:netherrack":12,"minecraft:debug_stick":129,"minecraft:dirt":189,"minecraft:red_nether_brick_slab":25,"minecraft:brick_slab":3,"minecraft:cobblestone_wall":4,"minecraft:nether_brick_slab":21,"minecraft:music_disc_11":11,"minecraft:polished_diorite":1,"minecraft:obsidian":10,"minecraft:andesite_wall":7,"minecraft:stone_brick_slab":6,"minecraft:dark_oak_planks":64,"minecraft:bricks":56,"minecraft:light_gray_stained_glass":455,"minecraft:bookshelf":1,"minecraft:quartz_pillar":9,"minecraft:villager_spawn_egg":114,"minecraft:red_wool":7,"minecraft:lantern":5,"minecraft:iron_block":6,"minecraft:grass_block":248,"minecraft:oak_stairs":9,"minecraft:brick_stairs":2,"minecraft:music_disc_ward":4,"minecraft:smooth_sandstone":236,"minecraft:crimson_slab":5,"minecraft:quartz_block":433,"minecraft:chicken_spawn_egg":3,"minecraft:diorite_wall":3,"minecraft:crimson_planks":26,"minecraft:prismarine_slab":1,"minecraft:stone_bricks":21,"minecraft:item_frame":1,"minecraft:bedrock":10,"minecraft:red_carpet":8,"minecraft:repeater":12,"minecraft:redstone_lamp":1,"minecraft:bow":91,"minecraft:written_book":46,"minecraft:cyan_banner":4,"minecraft:stone_pressure_plate":8,"minecraft:dead_bubble_coral_block":3,"minecraft:observer":4,"minecraft:crimson_stem":1,"minecraft:quartz_bricks":12,"minecraft:water_bucket":4,"minecraft:sandstone_stairs":107,"minecraft:brick_wall":4,"minecraft:polished_andesite":8,"minecraft:oak_planks":171,"minecraft:smooth_sandstone_slab":16,"minecraft:sandstone":12,"minecraft:redstone_block":119,"minecraft:sheep_spawn_egg":5,"minecraft:jungle_boat":1,"minecraft:oak_leaves":4,"minecraft:purpur_stairs":9,"minecraft:rail":2,"minecraft:tnt":3,"minecraft:red_bed":4,"minecraft:crimson_trapdoor":8,"minecraft:dead_fire_coral_block":3,"minecraft:phantom_spawn_egg":3,"minecraft:crossbow":40,"minecraft:light_gray_concrete_powder":7,"minecraft:chiseled_quartz_block":10,"minecraft:stone_brick_wall":1,"minecraft:infested_stone_bricks":18,"minecraft:cake":6,"minecraft:dark_oak_door":2,"minecraft:redstone_torch":4,"minecraft:creeper_spawn_egg":5,"minecraft:acacia_stairs":5,"minecraft:activator_rail":1,"minecraft:daylight_detector":15,"minecraft:command_block":59,"minecraft:light_gray_concrete":15,"minecraft:barrier":4,"minecraft:string":1,"minecraft:tnt_minecart":2,"minecraft:polished_granite":4,"minecraft:spruce_trapdoor":4,"minecraft:gravel":11,"minecraft:pufferfish":5,"minecraft:cobblestone":3,"minecraft:orange_banner":16,"minecraft:chain_command_block":5,"minecraft:white_stained_glass":1,"minecraft:sandstone_slab":1,"minecraft:andesite":28,"minecraft:glass_pane":10,"minecraft:ice":27,"minecraft:oak_boat":1,"minecraft:polished_blackstone_button":1,"minecraft:white_concrete":25,"minecraft:smooth_stone":7,"minecraft:bone_meal":3,"minecraft:jukebox":14}},"DataVersion":2586}