{"stats":{"minecraft:dropped":{"minecraft:sea_pickle":66,"minecraft:trident":1,"minecraft:quartz_block":1,"minecraft:warped_fungus_on_a_stick":1,"minecraft:crimson_sign":1,"minecraft:glass":1,"minecraft:warped_door":1,"minecraft:elytra":1,"minecraft:redstone_block":1,"minecraft:red_carpet":1},"minecraft:used":{"minecraft:glass":32,"minecraft:dark_oak_planks":11,"minecraft:trident":44,"minecraft:firework_rocket":1,"minecraft:warped_trapdoor":2,"minecraft:music_disc_pigstep":2,"minecraft:orange_concrete":137,"minecraft:light_gray_concrete":195,"minecraft:grass_block":92,"minecraft:spruce_slab":61,"minecraft:polished_andesite":8,"minecraft:polished_andesite_stairs":12,"minecraft:oak_planks":263,"minecraft:pig_spawn_egg":30,"minecraft:quartz_block":484,"minecraft:warped_nylium":303,"minecraft:green_banner":6,"minecraft:white_terracotta":119,"minecraft:birch_boat":1,"minecraft:polished_granite":49,"minecraft:redstone_block":2,"minecraft:diorite_wall":1,"minecraft:crimson_sign":7,"minecraft:netherrack":179,"minecraft:fishing_rod":336,"minecraft:dark_oak_trapdoor":8,"minecraft:rail":8,"minecraft:bow":12,"minecraft:anvil":1,"minecraft:yellow_terracotta":173,"minecraft:dark_oak_boat":9,"minecraft:smooth_red_sandstone":205,"minecraft:glass_pane":36,"minecraft:orange_wool":1,"minecraft:white_concrete":15,"minecraft:orange_terracotta":1,"minecraft:green_stained_glass_pane":1,"minecraft:jukebox":1},"minecraft:killed_by":{"minecraft:player":1},"minecraft:picked_up":{"minecraft:warped_fungus_on_a_stick":1,"minecraft:fern":25,"minecraft:music_disc_11":1,"minecraft:music_disc_pigstep":1,"minecraft:grass_block":1,"minecraft:dirt":833,"minecraft:elytra":2,"minecraft:green_banner":16,"minecraft:quartz_block":1,"minecraft:red_carpet":2,"minecraft:glass":1,"minecraft:sugar":21,"minecraft:sea_pickle":67,"minecraft:crimson_sign":1},"minecraft:custom":{"minecraft:time_since_rest":2789,"minecraft:sprint_one_cm":104054,"minecraft:damage_taken":785,"minecraft:walk_one_cm":328351,"minecraft:interact_with_anvil":1,"minecraft:drop":12,"minecraft:play_record":2,"minecraft:interact_with_crafting_table":2,"minecraft:fly_one_cm":1044301,"minecraft:open_chest":1,"minecraft:crouch_one_cm":51447,"minecraft:play_one_minute":184949,"minecraft:deaths":4,"minecraft:sneak_time":6870,"minecraft:boat_one_cm":1268,"minecraft:interact_with_lectern":2,"minecraft:aviate_one_cm":32364,"minecraft:jump":547,"minecraft:leave_game":28,"minecraft:time_since_death":2728,"minecraft:fall_one_cm":514}},"DataVersion":2586}