{"stats":{"minecraft:picked_up":{"minecraft:iron_door":1,"minecraft:brown_mushroom_block":2,"minecraft:lantern":2,"minecraft:orange_terracotta":1,"minecraft:quartz_block":2,"minecraft:quartz_slab":1,"minecraft:green_wool":1,"minecraft:bricks":1,"minecraft:iron_bars":1},"minecraft:dropped":{"minecraft:bricks":1,"minecraft:orange_terracotta":1,"minecraft:netherite_block":1,"minecraft:quartz_block":1,"minecraft:iron_door":1,"minecraft:dark_oak_slab":1,"minecraft:iron_bars":3,"minecraft:green_wool":1,"minecraft:terracotta":1},"minecraft:used":{"minecraft:glass":3,"minecraft:dark_oak_stairs":6,"minecraft:netherite_block":3,"minecraft:black_concrete":12,"minecraft:iron_bars":83,"minecraft:bricks":249,"minecraft:quartz_slab":35,"minecraft:iron_block":2,"minecraft:grass_block":2,"minecraft:quartz_block":56,"minecraft:green_wool":55,"minecraft:white_terracotta":51,"minecraft:dark_oak_slab":68,"minecraft:iron_door":3,"minecraft:quartz_stairs":76,"minecraft:cobblestone":10,"minecraft:terracotta":1,"minecraft:iron_trapdoor":15,"minecraft:dark_oak_fence":6,"minecraft:white_stained_glass":34,"minecraft:smooth_stone_slab":10,"minecraft:orange_terracotta":1},"minecraft:custom":{"minecraft:time_since_rest":170278,"minecraft:sprint_one_cm":7167,"minecraft:damage_taken":240,"minecraft:walk_one_cm":56349,"minecraft:drop":11,"minecraft:fly_one_cm":666042,"minecraft:play_one_minute":170406,"minecraft:crouch_one_cm":101,"minecraft:deaths":1,"minecraft:sneak_time":658,"minecraft:jump":212,"minecraft:leave_game":2,"minecraft:time_since_death":170254}},"DataVersion":2586}