{"stats":{"minecraft:dropped":{"minecraft:bricks":1,"minecraft:nether_star":16,"minecraft:obsidian":3,"minecraft:structure_block":2,"minecraft:light_gray_concrete":64,"minecraft:iron_bars":1},"minecraft:picked_up":{"minecraft:structure_block":1,"minecraft:lantern":1,"minecraft:netherite_sword":1,"minecraft:chest":1593,"minecraft:torch":2,"minecraft:fire_charge":5291,"minecraft:redstone":2,"minecraft:green_banner":5,"minecraft:light_gray_concrete":23899,"minecraft:firework_rocket":240,"minecraft:polished_blackstone_button":2,"minecraft:obsidian":2,"minecraft:nether_star":20},"minecraft:custom":{"minecraft:interact_with_anvil":1,"minecraft:play_one_minute":162275,"minecraft:leave_game":2,"minecraft:time_since_death":162275,"minecraft:time_since_rest":162275,"minecraft:sprint_one_cm":96763,"minecraft:open_enderchest":3,"minecraft:walk_one_cm":442939,"minecraft:drop":24,"minecraft:damage_dealt":200,"minecraft:fly_one_cm":383124,"minecraft:target_hit":39,"minecraft:player_kills":1,"minecraft:open_chest":8,"minecraft:crouch_one_cm":2495,"minecraft:sneak_time":1580,"minecraft:jump":359,"minecraft:inspect_dispenser":27},"minecraft:used":{"minecraft:oak_trapdoor":7,"minecraft:quartz_bricks":5,"minecraft:netherite_sword":1,"minecraft:iron_bars":105,"minecraft:end_stone_bricks":1,"minecraft:brick_wall":9,"minecraft:orange_concrete":6,"minecraft:wither_skeleton_skull":20,"minecraft:smooth_quartz_slab":1,"minecraft:spruce_slab":1,"minecraft:dispenser":17,"minecraft:redstone":117,"minecraft:blackstone_stairs":2,"minecraft:bone_block":1,"minecraft:oak_sign":6,"minecraft:mycelium":60,"minecraft:blackstone":18,"minecraft:green_banner":29,"minecraft:chest":56,"minecraft:white_terracotta":13,"minecraft:ender_chest":6,"minecraft:redstone_block":1,"minecraft:red_nether_brick_stairs":1,"minecraft:oak_leaves":1,"minecraft:torch":26,"minecraft:dirt":12,"minecraft:soul_sand":38,"minecraft:target":2,"minecraft:anvil":1,"minecraft:brick_slab":17,"minecraft:nether_brick_slab":478,"minecraft:infested_stone_bricks":1,"minecraft:polished_diorite":1,"minecraft:obsidian":23,"minecraft:redstone_torch":2,"minecraft:oak_log":3,"minecraft:sticky_piston":28,"minecraft:lever":6,"minecraft:bricks":54,"minecraft:bookshelf":1,"minecraft:red_wool":1,"minecraft:light_gray_concrete":1,"minecraft:grass_block":56,"minecraft:barrier":3,"minecraft:smooth_sandstone":96,"minecraft:chicken_spawn_egg":29,"minecraft:smooth_quartz":5,"minecraft:fishing_rod":59,"minecraft:repeater":12,"minecraft:potion":2,"minecraft:cobblestone":27,"minecraft:bow":51,"minecraft:written_book":9,"minecraft:iron_trapdoor":3,"minecraft:crimson_stairs":2,"minecraft:glass_pane":2,"minecraft:ice":26,"minecraft:polished_blackstone_button":4,"minecraft:white_concrete":40,"minecraft:observer":36,"minecraft:enchanted_golden_apple":3}},"DataVersion":2586}