{"stats":{"minecraft:used":{"minecraft:observer":1,"minecraft:grass_block":1},"minecraft:picked_up":{"minecraft:firework_rocket":217,"minecraft:polished_diorite":1},"minecraft:custom":{"minecraft:jump":10,"minecraft:time_since_rest":1375,"minecraft:crouch_one_cm":6,"minecraft:play_one_minute":46076,"minecraft:sprint_one_cm":1566,"minecraft:leave_game":2,"minecraft:walk_one_cm":6983,"minecraft:damage_taken":240,"minecraft:time_since_death":32,"minecraft:deaths":3,"minecraft:sneak_time":55,"minecraft:fly_one_cm":28550}},"DataVersion":2586}