{"stats":{"minecraft:dropped":{"minecraft:bricks":1,"minecraft:netherite_sword":2,"minecraft:cobblestone":2,"minecraft:quartz_bricks":1,"minecraft:white_terracotta":2,"minecraft:brown_banner":2,"minecraft:andesite":1,"minecraft:smooth_quartz":1,"minecraft:oak_stairs":1,"minecraft:birch_sign":1,"minecraft:painting":1,"minecraft:bow":3,"minecraft:splash_potion":2},"minecraft:used":{"minecraft:quartz_bricks":173,"minecraft:nether_brick_fence":3,"minecraft:water_bucket":3,"minecraft:diorite":19,"minecraft:polished_blackstone_brick_slab":79,"minecraft:red_sand":6,"minecraft:iron_bars":56,"minecraft:polished_andesite":17,"minecraft:oak_planks":168,"minecraft:white_terracotta":59,"minecraft:stone":445,"minecraft:grass":8,"minecraft:smooth_sandstone_stairs":4,"minecraft:smooth_quartz_stairs":6,"minecraft:white_wool":5,"minecraft:dirt":5,"minecraft:target":3,"minecraft:crafting_table":4,"minecraft:brick_slab":216,"minecraft:brown_banner":34,"minecraft:birch_sign":2,"minecraft:crossbow":8,"minecraft:acacia_sapling":2,"minecraft:painting":4,"minecraft:dark_oak_door":8,"minecraft:polished_diorite":2,"minecraft:dark_oak_planks":65,"minecraft:lava_bucket":5,"minecraft:bricks":839,"minecraft:firework_rocket":7,"minecraft:light_gray_concrete":147,"minecraft:birch_slab":9,"minecraft:iron_block":1,"minecraft:grass_block":73,"minecraft:oak_stairs":13,"minecraft:brick_stairs":1,"minecraft:smooth_sandstone":85,"minecraft:quartz_block":36,"minecraft:spruce_trapdoor":2,"minecraft:smooth_quartz":297,"minecraft:stone_bricks":9,"minecraft:fishing_rod":39,"minecraft:cobblestone":9,"minecraft:bow":53,"minecraft:scaffolding":46,"minecraft:white_stained_glass_pane":46,"minecraft:andesite":71,"minecraft:magenta_glazed_terracotta":1,"minecraft:bone_meal":9,"minecraft:splash_potion":71},"minecraft:picked_up":{"minecraft:fishing_rod":1,"minecraft:splash_potion":1,"minecraft:andesite":1,"minecraft:elytra":1,"minecraft:bow":2,"minecraft:scaffolding":12,"minecraft:stone":2,"minecraft:target":23,"minecraft:trident":1,"minecraft:grass_block":38,"minecraft:quartz_bricks":1,"minecraft:painting":1,"minecraft:white_terracotta":2,"minecraft:netherite_chestplate":1,"minecraft:brown_banner":3,"minecraft:iron_bars":1,"minecraft:bricks":1,"minecraft:cobblestone":2},"minecraft:crafted":{"minecraft:shield":1},"minecraft:custom":{"minecraft:interact_with_crafting_table":2,"minecraft:play_one_minute":453479,"minecraft:leave_game":17,"minecraft:time_since_death":2308,"minecraft:climb_one_cm":3358,"minecraft:time_since_rest":2580,"minecraft:sprint_one_cm":76336,"minecraft:damage_taken":1680,"minecraft:walk_one_cm":360826,"minecraft:drop":20,"minecraft:fly_one_cm":1386197,"minecraft:crouch_one_cm":13596,"minecraft:deaths":8,"minecraft:sneak_time":5254,"minecraft:jump":437,"minecraft:walk_on_water_one_cm":753}},"DataVersion":2586}