{"stats":{"minecraft:custom":{"minecraft:interact_with_anvil":2,"minecraft:leave_game":9,"minecraft:time_since_death":44105,"minecraft:sprint_one_cm":103147,"minecraft:walk_one_cm":227529,"minecraft:drop":120,"minecraft:deaths":8,"minecraft:sneak_time":4459,"minecraft:jump":484,"minecraft:walk_on_water_one_cm":616,"minecraft:play_one_minute":295947,"minecraft:time_since_rest":45406,"minecraft:damage_taken":1300,"minecraft:damage_dealt":59,"minecraft:fly_one_cm":1473340,"minecraft:open_chest":1,"minecraft:crouch_one_cm":1603,"minecraft:fall_one_cm":1517},"minecraft:used":{"minecraft:oak_trapdoor":11,"minecraft:petrified_oak_slab":5,"minecraft:polished_blackstone_brick_slab":263,"minecraft:iron_bars":27,"minecraft:bone_block":58,"minecraft:spruce_planks":3,"minecraft:white_terracotta":1,"minecraft:quartz_stairs":39,"minecraft:grass":13,"minecraft:smooth_sandstone_stairs":3,"minecraft:debug_stick":210,"minecraft:dirt":7,"minecraft:stone_stairs":11,"minecraft:milk_bucket":33,"minecraft:polished_diorite":3,"minecraft:glass":4,"minecraft:stone_brick_slab":2,"minecraft:bricks":86,"minecraft:quartz_slab":12,"minecraft:red_wool":4,"minecraft:iron_block":4,"minecraft:grass_block":130,"minecraft:slime_block":15,"minecraft:smooth_sandstone":200,"minecraft:quartz_block":484,"minecraft:smooth_quartz":33,"minecraft:crimson_roots":1,"minecraft:crimson_planks":16,"minecraft:prismarine_slab":1,"minecraft:light_gray_wool":4,"minecraft:birch_trapdoor":4,"minecraft:iron_trapdoor":170,"minecraft:beetroot_seeds":1,"minecraft:polished_diorite_stairs":10,"minecraft:cyan_banner":8,"minecraft:water_bucket":4,"minecraft:diorite":25,"minecraft:damaged_anvil":2,"minecraft:end_stone_bricks":16,"minecraft:stripped_birch_log":44,"minecraft:acacia_trapdoor":5,"minecraft:polished_andesite":109,"minecraft:oak_planks":107,"minecraft:smooth_sandstone_slab":5,"minecraft:cut_sandstone":1,"minecraft:dark_oak_trapdoor":16,"minecraft:cut_sandstone_slab":4,"minecraft:dark_prismarine_slab":1,"minecraft:birch_sign":4,"minecraft:crossbow":68,"minecraft:stone_brick_wall":12,"minecraft:dark_oak_door":8,"minecraft:wooden_hoe":1,"minecraft:black_concrete":9,"minecraft:firework_rocket":1,"minecraft:light_gray_concrete":6,"minecraft:command_block":1,"minecraft:birch_slab":24,"minecraft:cracked_polished_blackstone_bricks":35,"minecraft:warped_slab":1,"minecraft:stone_slab":2,"minecraft:spruce_trapdoor":1,"minecraft:iron_door":1,"minecraft:crimson_fungus":2,"minecraft:white_banner":23,"minecraft:dark_oak_fence":108,"minecraft:red_banner":1,"minecraft:crimson_door":2,"minecraft:glass_pane":24,"minecraft:smooth_stone":6,"minecraft:brown_mushroom_block":1,"minecraft:bone_meal":5,"minecraft:birch_stairs":3},"minecraft:dropped":{"minecraft:crimson_planks":3,"minecraft:water_bucket":1,"minecraft:crimson_stem":1,"minecraft:polished_blackstone":1,"minecraft:nether_star":1,"minecraft:sandstone_stairs":1,"minecraft:crossbow":1,"minecraft:dark_prismarine_slab":1,"minecraft:lantern":3,"minecraft:command_block":1,"minecraft:polished_blackstone_button":1,"minecraft:elytra":1,"minecraft:grass_block":4,"minecraft:cut_sandstone_slab":1,"minecraft:birch_slab":1,"minecraft:polished_andesite":1,"minecraft:polished_blackstone_stairs":1,"minecraft:red_carpet":18,"minecraft:iron_block":1,"minecraft:cracked_polished_blackstone_bricks":1,"minecraft:dirt":2,"minecraft:grass":3,"minecraft:warped_slab":1,"minecraft:crimson_trapdoor":1,"minecraft:polished_diorite_stairs":1,"minecraft:iron_trapdoor":1,"minecraft:milk_bucket":1,"minecraft:diorite":3,"minecraft:dark_oak_fence":2,"minecraft:dark_oak_trapdoor":1,"minecraft:crimson_roots":1,"minecraft:smooth_quartz":3,"minecraft:iron_door":1,"minecraft:prismarine_brick_slab":1,"minecraft:polished_blackstone_brick_slab":3,"minecraft:bone_block":2,"minecraft:smooth_sandstone_slab":1,"minecraft:black_concrete":2,"minecraft:polished_blackstone_slab":1,"minecraft:prismarine_slab":1,"minecraft:smooth_stone":1,"minecraft:smooth_sandstone":4,"minecraft:crimson_door":1,"minecraft:birch_stairs":1,"minecraft:brown_mushroom_block":1,"minecraft:dark_oak_door":9,"minecraft:polished_diorite":1,"minecraft:bricks":4,"minecraft:crimson_fungus":1,"minecraft:smooth_sandstone_stairs":1,"minecraft:light_gray_wool":1,"minecraft:oak_planks":4,"minecraft:slime_block":1,"minecraft:damaged_anvil":1,"minecraft:stone_stairs":2,"minecraft:light_gray_concrete":1,"minecraft:white_terracotta":1,"minecraft:debug_stick":4,"minecraft:glass_pane":1,"minecraft:acacia_button":40,"minecraft:spruce_trapdoor":1,"minecraft:orange_banner":1,"minecraft:heavy_weighted_pressure_plate":2,"minecraft:cyan_banner":2,"minecraft:petrified_oak_slab":1,"minecraft:spruce_planks":1,"minecraft:quartz_block":4,"minecraft:quartz_stairs":1,"minecraft:birch_sign":2,"minecraft:iron_bars":2,"minecraft:quartz_slab":1,"minecraft:firework_rocket":192},"minecraft:picked_up":{"minecraft:orange_banner":1,"minecraft:crimson_planks":1,"minecraft:acacia_button":40,"minecraft:heavy_weighted_pressure_plate":2,"minecraft:elytra":1,"minecraft:smooth_quartz":1,"minecraft:dark_oak_door":8,"minecraft:polished_blackstone_stairs":1,"minecraft:diorite":1,"minecraft:quartz_block":1,"minecraft:polished_blackstone":1,"minecraft:iron_bars":1,"minecraft:bone_block":1,"minecraft:lantern":3,"minecraft:red_carpet":18,"minecraft:oak_planks":1,"minecraft:scaffolding":1,"minecraft:debug_stick":3,"minecraft:polished_blackstone_slab":1,"minecraft:brown_mushroom_block":1,"minecraft:grass_block":1,"minecraft:netherite_block":1,"minecraft:cyan_banner":1,"minecraft:firework_rocket":128,"minecraft:black_concrete":1,"minecraft:polished_blackstone_button":1,"minecraft:crossbow":1,"minecraft:birch_sign":1,"minecraft:bricks":1,"minecraft:nether_star":1}},"DataVersion":2586}