{"stats":{"minecraft:custom":{"minecraft:interact_with_crafting_table":1,"minecraft:play_one_minute":166913,"minecraft:interact_with_loom":2,"minecraft:pot_flower":6,"minecraft:leave_game":28,"minecraft:time_since_death":32393,"minecraft:time_since_rest":32432,"minecraft:walk_one_cm":257402,"minecraft:sprint_one_cm":299347,"minecraft:damage_taken":100000858,"minecraft:drop":22,"minecraft:fly_one_cm":805858,"minecraft:crouch_one_cm":33419,"minecraft:deaths":5,"minecraft:sneak_time":2138,"minecraft:aviate_one_cm":66148,"minecraft:jump":374,"minecraft:walk_on_water_one_cm":1045,"minecraft:fall_one_cm":2344},"minecraft:used":{"minecraft:petrified_oak_slab":5,"minecraft:polished_blackstone_brick_slab":500,"minecraft:stripped_birch_log":10,"minecraft:armor_stand":5,"minecraft:red_concrete":2,"minecraft:spruce_slab":8,"minecraft:polished_andesite":12,"minecraft:dark_oak_sign":1,"minecraft:oak_planks":32,"minecraft:white_terracotta":33,"minecraft:redstone_block":5,"minecraft:warped_sign":5,"minecraft:dark_oak_trapdoor":7,"minecraft:light_gray_banner":1,"minecraft:tnt":1,"minecraft:crafting_table":1,"minecraft:loom":1,"minecraft:spruce_stairs":11,"minecraft:painting":14,"minecraft:snowball":30,"minecraft:dark_oak_door":3,"minecraft:piston":6,"minecraft:flower_pot":6,"minecraft:firework_rocket":56,"minecraft:bookshelf":13,"minecraft:daylight_detector":66,"minecraft:acacia_door":4,"minecraft:quartz_slab":22,"minecraft:heavy_weighted_pressure_plate":9,"minecraft:lantern":21,"minecraft:grass_block":19,"minecraft:acacia_slab":7,"minecraft:quartz_block":104,"minecraft:fishing_rod":171,"minecraft:red_carpet":92,"minecraft:bow":7,"minecraft:cobblestone":6,"minecraft:potion":2,"minecraft:red_concrete_powder":1,"minecraft:white_banner":1,"minecraft:dark_oak_fence":5,"minecraft:glass_pane":1,"minecraft:cyan_banner":1,"minecraft:polished_blackstone_button":10,"minecraft:turtle_egg":12},"minecraft:dropped":{"minecraft:polished_blackstone":2,"minecraft:white_terracotta":1,"minecraft:grass_block":1,"minecraft:polished_blackstone_stairs":2,"minecraft:polished_andesite":1,"minecraft:stone":1,"minecraft:dark_oak_fence":1,"minecraft:quartz_block":1,"minecraft:light_gray_banner":1,"minecraft:potion":2,"minecraft:stripped_birch_log":2,"minecraft:polished_blackstone_brick_slab":2,"minecraft:polished_blackstone_slab":2,"minecraft:fishing_rod":2,"minecraft:quartz_slab":1},"minecraft:killed_by":{"minecraft:player":2},"minecraft:picked_up":{"minecraft:fishing_rod":1,"minecraft:potion":1,"minecraft:stripped_birch_log":2,"minecraft:elytra":12,"minecraft:acacia_door":1,"minecraft:quartz_slab":1,"minecraft:red_carpet":1,"minecraft:polished_blackstone_brick_slab":2,"minecraft:polished_blackstone_stairs":1,"minecraft:stone":1,"minecraft:polished_blackstone_slab":1,"minecraft:grass_block":2,"minecraft:light_gray_banner":1,"minecraft:quartz_block":1,"minecraft:polished_andesite":1,"minecraft:black_concrete":1,"minecraft:granite":1,"minecraft:white_terracotta":1,"minecraft:polished_blackstone":1,"minecraft:dark_oak_fence":1}},"DataVersion":2586}