{"stats":{"minecraft:picked_up":{"minecraft:grass_block":1,"minecraft:warped_door":1,"minecraft:dirt":94,"minecraft:oak_sign":1,"minecraft:bow":1,"minecraft:netherite_sword":2,"minecraft:oak_planks":1},"minecraft:dropped":{"minecraft:warped_nylium":1,"minecraft:netherite_sword":2,"minecraft:oak_planks":1,"minecraft:elytra":18,"minecraft:grass_block":1},"minecraft:used":{"minecraft:redstone_torch":3,"minecraft:spruce_boat":1,"minecraft:end_rod":1,"minecraft:firework_rocket":59,"minecraft:bricks":110,"minecraft:light_gray_stained_glass":4,"minecraft:quartz_slab":10,"minecraft:grass_block":72,"minecraft:armor_stand":1,"minecraft:polished_andesite":1,"minecraft:light_gray_carpet":12,"minecraft:oak_planks":412,"minecraft:quartz_block":265,"minecraft:oak_sign":2,"minecraft:warped_nylium":1,"minecraft:spruce_trapdoor":9,"minecraft:iron_door":2,"minecraft:pink_wool":1,"minecraft:yellow_wool":1,"minecraft:netherrack":57,"minecraft:debug_stick":77,"minecraft:blue_carpet":14,"minecraft:dirt":91,"minecraft:tnt":2,"minecraft:crafting_table":1,"minecraft:dark_oak_fence":1,"minecraft:oak_boat":1,"minecraft:note_block":23,"minecraft:stone_pressure_plate":4,"minecraft:stone_brick_wall":1,"minecraft:splash_potion":61,"minecraft:polished_diorite":1},"minecraft:custom":{"minecraft:time_since_rest":22452,"minecraft:sprint_one_cm":16809,"minecraft:damage_taken":1240,"minecraft:walk_one_cm":193534,"minecraft:drop":23,"minecraft:damage_dealt":9,"minecraft:fly_one_cm":551763,"minecraft:interact_with_crafting_table":1,"minecraft:tune_noteblock":5,"minecraft:crouch_one_cm":2758,"minecraft:play_one_minute":122181,"minecraft:deaths":5,"minecraft:sneak_time":3076,"minecraft:boat_one_cm":3881,"minecraft:aviate_one_cm":985498,"minecraft:jump":366,"minecraft:leave_game":12,"minecraft:time_since_death":22423,"minecraft:fall_one_cm":5478},"minecraft:crafted":{"minecraft:firework_rocket":87}},"DataVersion":2586}