{"stats":{"minecraft:picked_up":{"minecraft:spruce_stairs":1,"minecraft:wither_rose":3,"minecraft:target":1,"minecraft:music_disc_11":1,"minecraft:grass_block":91,"minecraft:quartz_block":1,"minecraft:red_carpet":1,"minecraft:arrow":1,"minecraft:dark_oak_sign":1,"minecraft:spruce_slab":2,"minecraft:glass_bottle":64,"minecraft:warped_nylium":261},"minecraft:dropped":{"minecraft:blue_dye":4,"minecraft:warped_nylium":261,"minecraft:clock":1,"minecraft:quartz_block":1,"minecraft:oak_planks":1,"minecraft:wither_rose":3,"minecraft:spruce_slab":1,"minecraft:arrow":1,"minecraft:spruce_stairs":1,"minecraft:grass_block":138,"minecraft:target":1,"minecraft:firework_rocket":1},"minecraft:used":{"minecraft:birch_door":2,"minecraft:redstone_torch":5,"minecraft:glass":28,"minecraft:light_gray_stained_glass":280,"minecraft:flower_pot":2,"minecraft:polished_blackstone_brick_slab":1,"minecraft:firework_rocket":14,"minecraft:bookshelf":3,"minecraft:spruce_door":5,"minecraft:bricks":1,"minecraft:birch_fence_gate":11,"minecraft:acacia_door":3,"minecraft:red_concrete":4,"minecraft:heavy_weighted_pressure_plate":3,"minecraft:quartz_slab":10,"minecraft:lantern":3,"minecraft:grass_block":100,"minecraft:spruce_slab":2,"minecraft:oak_planks":350,"minecraft:green_wool":3,"minecraft:quartz_block":478,"minecraft:chest":24,"minecraft:birch_boat":5,"minecraft:ender_chest":6,"minecraft:quartz_stairs":5,"minecraft:cobblestone":93,"minecraft:target":21,"minecraft:brewing_stand":2,"minecraft:netherrack":5,"minecraft:bedrock":3,"minecraft:red_carpet":175,"minecraft:dirt":4,"minecraft:sand":1,"minecraft:anvil":2,"minecraft:crafting_table":3,"minecraft:spruce_stairs":7,"minecraft:warped_door":8,"minecraft:wither_rose":1,"minecraft:polished_blackstone_button":1,"minecraft:painting":2,"minecraft:lingering_potion":9,"minecraft:infested_stone_bricks":1,"minecraft:birch_stairs":2},"minecraft:custom":{"minecraft:time_since_rest":122177,"minecraft:sprint_one_cm":119106,"minecraft:open_enderchest":4,"minecraft:damage_taken":960,"minecraft:walk_one_cm":441657,"minecraft:interact_with_anvil":2,"minecraft:drop":411,"minecraft:interact_with_crafting_table":3,"minecraft:fly_one_cm":893466,"minecraft:open_chest":45,"minecraft:crouch_one_cm":13602,"minecraft:play_one_minute":342922,"minecraft:interact_with_loom":2,"minecraft:deaths":21,"minecraft:sneak_time":7478,"minecraft:pot_flower":2,"minecraft:boat_one_cm":4983,"minecraft:aviate_one_cm":458700,"minecraft:jump":923,"minecraft:interact_with_brewingstand":1,"minecraft:leave_game":38,"minecraft:time_since_death":122097},"minecraft:crafted":{"minecraft:leather_leggings":1,"minecraft:leather_boots":1,"minecraft:leather_chestplate":1,"minecraft:leather_helmet":1}},"DataVersion":2586}