{"stats":{"minecraft:picked_up":{"minecraft:warped_fungus_on_a_stick":1,"minecraft:music_disc_11":1,"minecraft:music_disc_pigstep":1,"minecraft:grass_block":1,"minecraft:elytra":2,"minecraft:quartz_block":1,"minecraft:red_carpet":2,"minecraft:glass":1,"minecraft:crimson_sign":1},"minecraft:used":{"minecraft:glass":27,"minecraft:trident":44,"minecraft:music_disc_pigstep":2,"minecraft:grass_block":77,"minecraft:oak_planks":263,"minecraft:pig_spawn_egg":30,"minecraft:quartz_block":484,"minecraft:warped_nylium":303,"minecraft:birch_boat":1,"minecraft:netherrack":179,"minecraft:crimson_sign":7,"minecraft:fishing_rod":45,"minecraft:rail":8,"minecraft:anvil":1,"minecraft:bow":12,"minecraft:dark_oak_boat":9,"minecraft:jukebox":1},"minecraft:custom":{"minecraft:time_since_rest":99199,"minecraft:sprint_one_cm":79292,"minecraft:damage_taken":400,"minecraft:walk_one_cm":139676,"minecraft:interact_with_anvil":1,"minecraft:drop":8,"minecraft:play_record":2,"minecraft:interact_with_crafting_table":2,"minecraft:fly_one_cm":489583,"minecraft:open_chest":1,"minecraft:crouch_one_cm":14460,"minecraft:play_one_minute":99332,"minecraft:deaths":1,"minecraft:sneak_time":4183,"minecraft:boat_one_cm":1268,"minecraft:interact_with_lectern":2,"minecraft:aviate_one_cm":24691,"minecraft:jump":412,"minecraft:leave_game":23,"minecraft:time_since_death":99129},"minecraft:dropped":{"minecraft:trident":1,"minecraft:quartz_block":1,"minecraft:warped_fungus_on_a_stick":1,"minecraft:crimson_sign":1,"minecraft:glass":1,"minecraft:warped_door":1,"minecraft:elytra":1,"minecraft:red_carpet":1}},"DataVersion":2586}