{"stats":{"minecraft:custom":{"minecraft:play_record":2,"minecraft:play_one_minute":1019039,"minecraft:leave_game":39,"minecraft:time_since_death":844183,"minecraft:time_since_rest":844291,"minecraft:sprint_one_cm":135443,"minecraft:damage_taken":50000564,"minecraft:walk_one_cm":1254413,"minecraft:drop":23,"minecraft:fly_one_cm":3422741,"minecraft:crouch_one_cm":13351,"minecraft:deaths":4,"minecraft:sneak_time":22621,"minecraft:jump":904},"minecraft:used":{"minecraft:quartz_bricks":265,"minecraft:trident":5,"minecraft:orange_concrete_powder":4,"minecraft:iron_bars":226,"minecraft:diorite":985,"minecraft:jungle_leaves":3,"minecraft:end_stone_bricks":15,"minecraft:red_sand":2,"minecraft:brick_wall":75,"minecraft:prismarine_brick_slab":5,"minecraft:acacia_log":11,"minecraft:light_gray_stained_glass_pane":8,"minecraft:smooth_quartz_slab":32,"minecraft:stripped_birch_log":13,"minecraft:birch_leaves":3,"minecraft:blackstone_stairs":1,"minecraft:oak_planks":4,"minecraft:mycelium":15,"minecraft:bone_block":149,"minecraft:smooth_sandstone_slab":34,"minecraft:ender_pearl":51,"minecraft:white_terracotta":9,"minecraft:stone":20,"minecraft:redstone_block":403,"minecraft:clay":1,"minecraft:quartz_stairs":9,"minecraft:grass":124,"minecraft:sandstone_wall":22,"minecraft:smooth_sandstone_stairs":359,"minecraft:oak_door":1,"minecraft:smooth_quartz_stairs":86,"minecraft:oak_leaves":76,"minecraft:debug_stick":122,"minecraft:dark_oak_trapdoor":50,"minecraft:mossy_cobblestone":10,"minecraft:dirt":12,"minecraft:cut_sandstone_slab":11,"minecraft:brick_slab":136,"minecraft:brown_banner":49,"minecraft:yellow_concrete":28,"minecraft:acacia_leaves":80,"minecraft:stone_stairs":11,"minecraft:nether_brick_slab":17,"minecraft:sponge":1,"minecraft:acacia_sapling":5,"minecraft:chiseled_quartz_block":41,"minecraft:stone_brick_wall":10,"minecraft:painting":5,"minecraft:infested_stone_bricks":728,"minecraft:end_stone":1,"minecraft:blue_concrete":15,"minecraft:nether_brick_stairs":133,"minecraft:dark_oak_door":7,"minecraft:polished_diorite":79,"minecraft:wandering_trader_spawn_egg":2,"minecraft:glass":12,"minecraft:brown_terracotta":3,"minecraft:dark_oak_planks":17,"minecraft:black_concrete":8,"minecraft:bricks":1842,"minecraft:light_gray_stained_glass":5,"minecraft:acacia_door":11,"minecraft:birch_slab":2,"minecraft:quartz_slab":4,"minecraft:light_gray_concrete":326,"minecraft:red_wool":8,"minecraft:iron_block":4,"minecraft:grass_block":525,"minecraft:smooth_sandstone":1399,"minecraft:quartz_block":152,"minecraft:music_disc_chirp":2,"minecraft:red_terracotta":4,"minecraft:stone_slab":56,"minecraft:dark_oak_leaves":3,"minecraft:smooth_quartz":322,"minecraft:iron_door":5,"minecraft:diorite_wall":7,"minecraft:stone_brick_stairs":6,"minecraft:stone_bricks":255,"minecraft:blackstone_slab":58,"minecraft:yellow_concrete_powder":1,"minecraft:birch_button":2,"minecraft:cobblestone":890,"minecraft:bow":32,"minecraft:brown_carpet":1,"minecraft:iron_trapdoor":10,"minecraft:cyan_stained_glass_pane":1,"minecraft:oak_sapling":13,"minecraft:white_stained_glass_pane":47,"minecraft:red_banner":1,"minecraft:glass_pane":72,"minecraft:ice":8,"minecraft:cyan_banner":25,"minecraft:gray_stained_glass":3,"minecraft:smooth_stone":6,"minecraft:bone_meal":59,"minecraft:jukebox":2,"minecraft:large_fern":2},"minecraft:dropped":{"minecraft:netherite_hoe":2,"minecraft:nether_star":5,"minecraft:smooth_sandstone_stairs":1,"minecraft:cobblestone":1,"minecraft:brown_banner":1,"minecraft:wandering_trader_spawn_egg":1,"minecraft:infested_stone_bricks":2,"minecraft:sandstone_wall":1,"minecraft:smooth_quartz":1,"minecraft:blackstone_slab":1,"minecraft:iron_bars":3,"minecraft:smooth_sandstone":1,"minecraft:oak_leaves":2,"minecraft:quartz_slab":1},"minecraft:killed_by":{"minecraft:player":1},"minecraft:picked_up":{"minecraft:crimson_stem":1,"minecraft:blackstone_slab":1,"minecraft:orange_banner":7,"minecraft:crimson_fungus":1,"minecraft:smooth_sandstone_stairs":1,"minecraft:wandering_trader_spawn_egg":2,"minecraft:dirt":23,"minecraft:quartz_slab":1,"minecraft:smooth_sandstone":1,"minecraft:wheat_seeds":1,"minecraft:spruce_planks":1,"minecraft:smooth_quartz":2,"minecraft:acacia_sapling":1,"minecraft:stick":7,"minecraft:sandstone_wall":1,"minecraft:music_disc_pigstep":1,"minecraft:infested_stone_bricks":2,"minecraft:birch_sign":1,"minecraft:crimson_roots":1,"minecraft:iron_bars":3,"minecraft:oak_sapling":2,"minecraft:brown_banner":1,"minecraft:netherite_hoe":1,"minecraft:oak_leaves":2,"minecraft:nether_star":7,"minecraft:cobblestone":1}},"DataVersion":2586}