{"stats":{"minecraft:picked_up":{"minecraft:fishing_rod":1,"minecraft:scaffolding":12,"minecraft:andesite":1,"minecraft:trident":1,"minecraft:grass_block":38,"minecraft:elytra":1,"minecraft:quartz_bricks":1,"minecraft:painting":1,"minecraft:white_terracotta":2,"minecraft:brown_banner":3,"minecraft:bricks":1,"minecraft:iron_bars":1,"minecraft:cobblestone":2},"minecraft:dropped":{"minecraft:bricks":1,"minecraft:andesite":1,"minecraft:smooth_quartz":1,"minecraft:cobblestone":2,"minecraft:oak_stairs":1,"minecraft:birch_sign":1,"minecraft:painting":1,"minecraft:quartz_bricks":1,"minecraft:white_terracotta":2,"minecraft:brown_banner":2},"minecraft:used":{"minecraft:quartz_bricks":173,"minecraft:dark_oak_planks":65,"minecraft:nether_brick_fence":3,"minecraft:diorite":19,"minecraft:polished_blackstone_brick_slab":79,"minecraft:iron_bars":56,"minecraft:red_sand":6,"minecraft:bricks":839,"minecraft:light_gray_concrete":147,"minecraft:birch_slab":9,"minecraft:iron_block":1,"minecraft:grass_block":73,"minecraft:oak_stairs":13,"minecraft:polished_andesite":17,"minecraft:brick_stairs":1,"minecraft:oak_planks":168,"minecraft:smooth_sandstone":85,"minecraft:quartz_block":36,"minecraft:spruce_trapdoor":2,"minecraft:white_terracotta":59,"minecraft:stone":2,"minecraft:smooth_quartz":297,"minecraft:grass":8,"minecraft:smooth_sandstone_stairs":4,"minecraft:stone_bricks":9,"minecraft:smooth_quartz_stairs":6,"minecraft:white_wool":5,"minecraft:fishing_rod":39,"minecraft:dirt":1,"minecraft:cobblestone":9,"minecraft:bow":1,"minecraft:scaffolding":46,"minecraft:white_stained_glass_pane":46,"minecraft:brick_slab":210,"minecraft:birch_sign":2,"minecraft:brown_banner":34,"minecraft:andesite":71,"minecraft:acacia_sapling":2,"minecraft:painting":4,"minecraft:bone_meal":9,"minecraft:dark_oak_door":8,"minecraft:polished_diorite":2},"minecraft:custom":{"minecraft:time_since_rest":35597,"minecraft:sprint_one_cm":57295,"minecraft:damage_taken":1200,"minecraft:walk_one_cm":180817,"minecraft:drop":13,"minecraft:fly_one_cm":746291,"minecraft:crouch_one_cm":6145,"minecraft:play_one_minute":321663,"minecraft:deaths":5,"minecraft:sneak_time":3375,"minecraft:jump":314,"minecraft:leave_game":9,"minecraft:time_since_death":35541,"minecraft:climb_one_cm":3358}},"DataVersion":2586}