{"stats":{"minecraft:picked_up":{"minecraft:iron_door":1,"minecraft:warped_door":1,"minecraft:brown_carpet":2,"minecraft:quartz_block":2,"minecraft:polished_diorite":1,"minecraft:oak_planks":1},"minecraft:dropped":{"minecraft:crimson_stem":1,"minecraft:polished_diorite":2,"minecraft:stripped_spruce_log":1,"minecraft:stone":1,"minecraft:birch_planks":1,"minecraft:nether_gold_ore":4,"minecraft:oak_log":1,"minecraft:coal_ore":2,"minecraft:quartz_block":5,"minecraft:jungle_log":1,"minecraft:oak_planks":1,"minecraft:iron_ore":1,"minecraft:jungle_planks":1,"minecraft:bedrock":2,"minecraft:stripped_jungle_log":1,"minecraft:acacia_log":3,"minecraft:oak_sign":1},"minecraft:used":{"minecraft:birch_fence":13,"minecraft:glass":7,"minecraft:acacia_stairs":2,"minecraft:light_gray_stained_glass":211,"minecraft:light_gray_concrete":12,"minecraft:grass_block":23,"minecraft:acacia_trapdoor":10,"minecraft:oak_planks":20,"minecraft:quartz_block":462,"minecraft:stone":7,"minecraft:spruce_trapdoor":11,"minecraft:iron_door":1,"minecraft:bow":7,"minecraft:brown_carpet":8,"minecraft:oak_sapling":4,"minecraft:warped_door":6,"minecraft:bone_meal":25,"minecraft:polished_diorite":6},"minecraft:custom":{"minecraft:time_since_rest":68080,"minecraft:sprint_one_cm":56759,"minecraft:damage_taken":240,"minecraft:walk_one_cm":151163,"minecraft:drop":28,"minecraft:fly_one_cm":369456,"minecraft:crouch_one_cm":1405,"minecraft:play_one_minute":116316,"minecraft:deaths":1,"minecraft:sneak_time":1301,"minecraft:jump":267,"minecraft:leave_game":7,"minecraft:time_since_death":68052}},"DataVersion":2586}